Player,,,PA,R_prod,WAR/pos,dWAR,oWAR,WPA,BtRuns,Year,Age,Tm,Lg,G,AB,R,H,2B,3B,HR,RBI,BB,IBB,SO,HBP,SH,SF,GDP,SB,CS,BA,OBP,SLG,OPS,Pos
MarcusSemien,,semiema01,747,182,8.9,2.2,7.5,2.261,38,2019,28,OAK,AL,162,657,123,187,43,7,33,92,87,2,102,2,0,1,11,10,8,0.285,0.369,0.522,0.892,*6
WhitMerrifield,,merriwh01,735,163,3.7,0.3,3.3,-0.498,11,2019,30,KCR,AL,162,681,105,206,41,10,16,74,45,5,126,5,0,4,8,20,10,0.302,0.348,0.463,0.811,*498/D37
RonaldAcunaJr,,acunaro01,715,187,5.7,0.9,4.8,4.282,20,2019,21,ATL,NL,156,626,127,175,22,2,41,101,76,4,188,9,0,1,8,37,9,0.28,0.365,0.518,0.883,*879/H
JonathanVillar,,villajo01,714,160,3.9,-0.1,4.8,0.239,8,2019,28,BAL,AL,162,642,111,176,33,5,24,73,61,0,176,4,2,4,8,40,9,0.274,0.339,0.453,0.792,*4*6/HD
MookieBetts,,bettsmo01,706,186,6.9,1.2,5.2,4.041,35,2019,26,BOS,AL,150,597,135,176,40,5,29,80,97,6,101,3,0,9,11,16,3,0.295,0.391,0.524,0.915,*98/DH
RhysHoskins,,hoskirh01,705,142,1.6,-1.1,1.8,-0.011,12,2019,26,PHI,NL,160,570,86,129,33,5,29,85,116,6,173,11,0,6,10,2,2,0.226,0.364,0.454,0.819,*3/D
JorgePolanco,,polanjo01,704,164,4.8,0.2,5.4,1.366,20,2019,25,MIN,AL,153,631,107,186,40,7,22,79,60,2,116,4,2,7,11,4,3,0.295,0.356,0.485,0.841,*6D/H
OzzieAlbies,,albieoz01,702,164,5.2,1.4,4.3,1.144,13,2019,22,ATL,NL,160,640,102,189,43,8,24,86,54,6,112,4,0,4,2,15,4,0.295,0.352,0.5,0.852,*4/H
RafaelDevers,,deverra01,702,212,4.9,-0.5,5.8,2.076,31,2019,22,BOS,AL,156,647,129,201,54,4,32,115,48,7,119,4,1,2,8,8,8,0.311,0.361,0.555,0.916,*5/H6D
EduardoEscobar,,escobed01,699,177,3.6,0.3,3.7,0.462,8,2019,30,ARI,NL,158,636,94,171,29,10,35,118,50,3,130,3,0,10,8,5,1,0.269,0.32,0.511,0.831,*54/HD
XanderBogaerts,,bogaexa01,698,194,5.9,-0.4,7.1,4.398,39,2019,26,BOS,AL,155,614,110,190,52,0,33,117,76,2,122,2,0,6,11,4,2,0.309,0.384,0.555,0.939,*6/HD
JosÃ©Abreu,,abreujo02,693,175,2,-1.6,2.7,2.394,18,2019,32,CHW,AL,159,634,85,180,38,1,33,123,36,4,152,13,0,10,24,2,2,0.284,0.33,0.503,0.834,*3D
PeteAlonso,,alonspe01,693,170,5.2,-1.3,5.7,3.534,42,2019,24,NYM,NL,161,597,103,155,30,2,53,120,72,6,183,21,0,3,13,1,0,0.26,0.358,0.583,0.941,*3/HD
FreddieFreeman,,freemfr01,692,196,4,-0.9,4.1,4.396,34,2019,29,ATL,NL,158,597,113,176,34,2,38,121,87,11,127,6,0,2,17,6,3,0.295,0.389,0.549,0.938,*3/H
AlexBregman,,bregmal01,690,193,9.1,1.9,7.7,4.028,57,2019,25,HOU,AL,156,554,122,164,37,2,41,112,119,2,83,9,0,8,9,5,1,0.296,0.423,0.592,1.015,*56/D
CarlosSantana,,santaca01,686,169,4.6,-0.7,4.5,3.402,34,2019,33,CLE,AL,158,573,110,161,30,1,34,93,108,12,108,3,0,2,13,4,0,0.281,0.397,0.515,0.911,*3D
PaulGoldschmidt,,goldspa01,682,160,2.4,-1,2.6,2.859,12,2019,31,STL,NL,161,597,97,155,25,1,34,97,78,2,166,2,0,3,11,3,1,0.26,0.346,0.476,0.821,*3/H
BryceHarper,,harpebr03,682,177,4.3,0.3,3.5,4.586,24,2019,26,PHI,NL,157,573,98,149,36,1,35,114,99,11,178,6,0,4,10,15,3,0.26,0.372,0.51,0.882,*9/HD
TreyMancini,,mancitr01,679,168,3.5,-1.4,4.1,1.839,32,2019,27,BAL,AL,154,602,106,175,38,2,35,97,63,3,143,9,0,5,22,1,0,0.291,0.364,0.535,0.899,*93D/7H
JorgeSoler,,solerjo01,679,164,3.6,-1.8,4.3,1.706,33,2019,27,KCR,AL,162,589,95,156,33,1,48,117,73,3,178,10,0,4,16,3,1,0.265,0.354,0.569,0.922,*D9/H
StarlinCastro,,castrst01,676,132,1.4,0.7,1.2,-0.004,-6,2019,29,MIA,NL,162,636,68,172,31,4,22,86,28,2,111,3,0,9,23,2,2,0.27,0.3,0.436,0.736,*45/6H
MattChapman,,chapmma01,670,157,8.3,3.9,4.8,3.584,23,2019,26,OAK,AL,156,583,102,145,36,3,36,91,73,0,147,11,0,3,12,1,1,0.249,0.342,0.506,0.848,*5
CesarHernandez,,hernace02,667,134,1.6,0,2.1,-0.662,-9,2019,29,PHI,NL,161,612,77,171,31,3,14,71,45,4,100,6,0,4,9,9,2,0.279,0.333,0.408,0.741,*4/H
EricHosmer,,hosmeer01,667,149,-0.2,-1.3,0.3,-0.197,-6,2019,29,SDP,NL,160,619,72,164,29,2,22,99,40,3,163,3,0,5,12,0,3,0.265,0.31,0.425,0.735,*3/HD
NicholasCastellanos,,casteni01,664,146,2.7,-1.5,3.5,2.018,19,2019,27,TOT,ML,151,615,100,178,58,3,27,73,41,1,143,5,0,3,12,2,2,0.289,0.337,0.525,0.863,*9D7
PaulDeJong,,dejonpa01,664,145,5.3,3.3,2.9,-1.683,-2,2019,25,STL,NL,159,583,97,136,31,1,30,78,62,1,149,13,0,6,15,9,5,0.233,0.318,0.444,0.762,*6/H
NolanArenado,,arenano01,662,179,6.7,2,5,4.009,27,2019,28,COL,NL,155,588,102,185,31,2,41,118,62,11,93,4,0,8,14,3,2,0.315,0.379,0.583,0.962,*5/H
EugenioSuarez,,suareeu01,662,141,3.9,-0.3,4.5,2.867,28,2019,27,CIN,NL,159,575,87,156,22,2,49,103,70,4,189,11,0,6,12,3,2,0.271,0.358,0.572,0.93,*5/HD
CodyBellinger,,bellico01,661,189,9.1,2,6.6,4.986,59,2019,23,LAD,NL,156,558,121,170,34,3,47,115,95,21,108,3,0,4,10,15,5,0.305,0.406,0.629,1.035,*938/H
MannyMachado,,machama01,661,134,2.6,0.1,3,-0.242,8,2019,26,SDP,NL,156,587,81,150,21,2,32,85,65,3,128,6,0,3,24,5,3,0.256,0.334,0.462,0.796,*56/H
Shin-SooChoo,,choosh01,660,130,1.5,-2.3,3,3.051,9,2019,36,TEX,AL,151,563,93,149,31,2,24,61,78,3,165,18,0,1,6,15,1,0.265,0.371,0.455,0.826,D97H
JoshDonaldson,,donaljo02,659,153,6,1.7,4.7,1.907,25,2019,33,ATL,NL,155,549,96,142,33,0,37,94,100,2,155,8,0,2,13,4,2,0.259,0.379,0.521,0.9,*5/HD
JuanSoto,,sotoju01,659,186,4.6,-0.7,4.8,3.401,35,2019,20,WSN,NL,150,542,110,153,32,5,34,110,108,3,132,3,0,6,11,12,1,0.282,0.401,0.548,0.949,*7
JDMartinez,,martijd02,657,167,3.4,-1.6,3.9,0.528,35,2019,31,BOS,AL,146,575,98,175,33,2,36,105,72,9,138,4,0,5,19,2,0,0.304,0.383,0.557,0.939,*D97/H
AdamEaton,,eatonad02,656,137,1.5,-0.9,1.9,0.874,2,2019,30,WSN,NL,151,566,103,158,25,7,15,49,65,0,106,13,9,3,8,15,3,0.279,0.365,0.428,0.792,*9/H7
TrevorStory,,storytr01,656,161,6.1,2.1,4.9,1.139,17,2019,26,COL,NL,145,588,111,173,38,5,35,85,58,0,174,7,0,3,3,23,8,0.294,0.363,0.554,0.917,*6/H
DJLeMahieu,,lemahdj01,655,185,5.9,0.8,5.2,3.03,31,2019,30,NYY,AL,145,602,109,197,33,2,26,102,46,0,90,2,1,4,14,5,2,0.327,0.375,0.518,0.893,*453/HD
AmedRosario,,rosaram01,655,132,2.4,-0.3,3.6,0.136,1,2019,23,NYM,NL,157,616,75,177,30,7,15,72,31,2,124,3,2,3,13,19,10,0.287,0.323,0.432,0.755,*6/HD7
FranciscoLindor,,lindofr01,654,143,5,1.9,3.8,0.892,15,2019,25,CLE,AL,143,598,101,170,40,2,32,74,46,9,98,3,1,6,13,22,5,0.284,0.335,0.518,0.854,*6/DH
TommyPham,,phamth01,654,124,3.8,-0.3,3.5,0.511,18,2019,31,TBR,AL,145,567,77,155,33,2,21,68,81,4,123,5,0,1,22,25,4,0.273,0.369,0.45,0.818,*7D/H
DavidFletcher,,fletcda02,653,126,4.5,2.2,2.7,0.704,-2,2019,25,LAA,AL,154,596,83,173,30,4,6,49,55,2,64,0,1,1,8,8,3,0.29,0.35,0.384,0.734,*5467/9H
ElvisAndrus,,andruel01,648,141,2,0.6,2.2,-1.288,-20,2019,30,TEX,AL,147,600,81,165,27,4,12,72,34,1,96,4,0,10,16,31,8,0.275,0.313,0.393,0.707,*6/D
MichaelConforto,,confomi01,648,149,3.4,-1,4,1.563,26,2019,26,NYM,NL,151,549,90,141,29,1,33,92,84,5,149,10,0,5,11,7,2,0.257,0.363,0.494,0.856,*98/H
AnthonyRendon,,rendoan01,646,209,6.4,0.4,6.4,4.76,48,2019,29,WSN,NL,146,545,117,174,44,3,34,126,80,8,86,12,0,9,13,5,1,0.319,0.412,0.598,1.01,*5/4
KevinPillar,,pillake01,645,150,0.9,-0.3,1.5,-1.331,-10,2019,30,TOT,ML,161,611,83,158,37,3,21,88,18,4,89,9,0,7,15,14,5,0.259,0.287,0.432,0.719,*89/HD
MichaelBrantley,,brantmi02,637,156,4.8,0.5,3.7,2.992,23,2019,32,HOU,AL,148,575,88,179,40,2,22,90,51,3,66,7,0,4,21,3,2,0.311,0.372,0.503,0.875,*7D/9H
CharlieBlackmon,,blackch02,634,166,2.1,-1.6,3.2,3.661,21,2019,32,COL,NL,140,580,112,182,42,7,32,86,40,1,104,9,0,5,11,2,5,0.314,0.364,0.576,0.94,*9/HD
KrisBryant,,bryankr01,634,154,3.7,-1,4.7,3.191,27,2019,27,CHC,NL,147,543,108,153,35,1,31,77,74,1,145,15,0,2,10,4,0,0.282,0.382,0.521,0.903,*597/D3H
AlexGordon,,gordoal01,633,140,1.5,-0.2,1.1,1.408,-1,2019,35,KCR,AL,150,556,77,148,31,1,13,76,51,4,100,19,1,6,13,5,3,0.266,0.345,0.396,0.741,*7/H1D
KoleCalhoun,,calhoko01,632,133,2.4,-0.4,2.2,0.342,7,2019,31,LAA,AL,152,552,92,128,29,1,33,74,70,7,162,7,0,2,14,4,1,0.232,0.325,0.467,0.792,*9/H8
YasmaniGrandal,,grandya01,632,128,2.4,-0.6,3.8,1.604,18,2019,30,MIL,NL,153,513,79,126,26,2,28,77,109,2,139,5,0,5,16,5,1,0.246,0.38,0.468,0.848,*23/HD
RandalGrichuk,,grichra01,628,124,0.4,-0.8,1,-2.136,-8,2019,27,TOR,AL,151,586,75,136,29,5,31,80,35,0,163,5,0,2,20,2,1,0.232,0.28,0.457,0.738,*98D/H
KetelMarte,,marteke01,628,157,7.2,1.1,6.6,3.275,41,2019,25,ARI,NL,144,569,97,187,36,9,32,92,53,2,86,4,0,2,7,10,2,0.329,0.389,0.592,0.981,*8*46/H
NickAhmed,,ahmedni01,625,142,4.3,2.4,2.8,0.007,-5,2019,29,ARI,NL,158,556,79,141,33,6,19,82,52,2,113,4,1,12,15,8,2,0.254,0.316,0.437,0.753,*6/H
LorenzoCain,,cainlo01,623,112,3,2.4,0.9,-3.421,-15,2019,33,MIL,NL,148,562,75,146,30,0,11,48,50,0,106,6,0,4,14,18,8,0.26,0.325,0.372,0.697,*8/H
LeuryGarcia,,garcile02,618,125,1.3,-0.6,1.9,-1.615,-14,2019,28,CHW,AL,140,577,93,161,27,3,8,40,21,0,139,6,11,3,6,15,5,0.279,0.31,0.378,0.688,*8976/H4D5
JeanSegura,,segurje01,618,127,1.5,0.2,2.1,1.402,-9,2019,29,PHI,NL,144,576,79,161,37,4,12,60,30,1,73,8,1,3,11,10,2,0.28,0.323,0.42,0.743,*6/H
VictorRobles,,roblevi01,617,134,4.1,2.7,1.8,0.838,-10,2019,22,WSN,NL,155,546,86,139,33,3,17,65,35,3,140,25,6,5,6,28,9,0.255,0.326,0.419,0.745,*89/H
BrandonBelt,,beltbr01,616,116,0.8,-0.8,0.8,-0.558,2,2019,31,SFG,NL,156,526,76,123,32,3,17,57,83,3,127,3,0,4,6,4,3,0.234,0.339,0.403,0.742,*3H7/9D
AndrewBenintendi,,beninan01,615,127,1.8,-0.5,1.9,-0.624,1,2019,24,BOS,AL,138,541,72,144,40,5,13,68,59,1,140,7,3,5,6,10,3,0.266,0.343,0.431,0.774,*78/HD
JoshBell,,belljo02,613,173,2.7,-1.8,3.6,2.951,35,2019,26,PIT,NL,143,527,94,146,37,3,37,116,74,13,118,5,0,7,11,0,1,0.277,0.367,0.569,0.936,*3/DH
AnthonyRizzo,,rizzoan01,613,156,3.8,-0.7,3.8,4.369,32,2019,29,CHC,NL,146,512,89,150,29,3,27,94,71,3,86,27,0,3,15,5,2,0.293,0.405,0.52,0.924,*3/H
YuliGurriel,,gourryu01,612,158,3.9,-0.1,3.5,1.819,21,2019,35,HOU,AL,144,564,85,168,40,2,31,104,37,2,65,5,0,6,12,5,3,0.298,0.343,0.541,0.884,*35/4HD
YasielPuig,,puigya01,611,136,1.3,-0.6,1.3,-0.855,-1,2019,28,TOT,ML,149,555,76,148,30,2,24,84,44,1,133,8,0,4,13,19,7,0.267,0.327,0.458,0.785,*9/HD
KyleSchwarber,,schwaky01,610,136,2.1,-1,2.6,0.588,16,2019,26,CHC,NL,155,529,82,132,29,3,38,92,70,5,156,5,0,6,6,2,3,0.25,0.339,0.531,0.871,*7H/D2
AdamFrazier,,fraziad01,608,120,2,0.1,2.3,1.103,-1,2019,27,PIT,NL,152,554,80,154,33,7,10,50,40,4,75,9,4,1,6,5,5,0.278,0.336,0.417,0.753,*4H
JoeyVotto,,vottojo01,608,111,1.9,0.1,1.1,-0.637,0,2019,35,CIN,NL,142,525,79,137,32,1,15,47,76,2,123,4,0,3,14,5,0,0.261,0.357,0.411,0.768,*3/HD7
GleyberTorres,,torregl01,604,148,3.1,-0.5,4.2,0.166,21,2019,22,NYY,AL,144,546,96,152,26,0,38,90,48,3,129,3,1,6,10,5,2,0.278,0.337,0.535,0.871,*64/DH
ChristianWalker,,walkech02,603,130,3,0.2,2,0.082,9,2019,28,ARI,NL,152,529,86,137,26,1,29,73,67,6,155,6,0,1,11,8,1,0.259,0.348,0.476,0.825,*3H/D
MikeTrout,,troutmi01,600,169,8.2,0.2,8.3,5.198,65,2019,27,LAA,AL,134,470,110,137,27,2,45,104,110,14,120,16,0,4,5,11,2,0.291,0.438,0.645,1.083,*8D/H
RenatoNunez,,nunezre01,599,131,0.4,-1.6,1,-1.36,1,2019,25,BAL,AL,151,541,72,132,24,0,31,90,44,1,143,10,0,4,9,1,1,0.244,0.311,0.46,0.771,*D3H/57
MaxKepler,,keplema01,596,152,4.1,0.8,3.2,2.596,17,2019,26,MIN,AL,134,524,98,132,32,0,36,90,60,0,99,8,0,4,5,1,5,0.252,0.336,0.519,0.855,*98/HD
JTRealmuto,,realmjt01,593,150,4.5,1.7,3.6,0.958,6,2019,28,PHI,NL,145,538,92,148,36,3,25,83,41,2,123,5,0,8,12,9,1,0.275,0.328,0.493,0.82,*2H/3D
AustinMeadows,,meadoau01,591,139,4,-1,4.3,2.466,32,2019,24,TBR,AL,138,530,83,154,29,7,33,89,54,6,131,7,0,0,3,12,7,0.291,0.364,0.558,0.922,9D7/H8
EddieRosario,,rosared01,590,168,1.7,-1.1,2.4,0.795,4,2019,27,MIN,AL,137,562,91,155,28,1,32,109,22,2,86,0,0,6,10,3,1,0.276,0.3,0.5,0.8,*79/H8D
FreddyGalvis,,galvifr01,589,114,2.6,1.3,1.9,-2.483,-8,2019,29,TOT,ML,147,557,67,145,28,1,23,70,28,1,145,1,1,2,14,4,2,0.26,0.296,0.438,0.734,*64/HD
JasonHeyward,,heywaja01,589,119,1.9,-0.2,1.9,-0.187,-1,2019,29,CHC,NL,147,513,78,129,20,4,21,62,68,5,110,5,0,3,12,8,3,0.251,0.343,0.429,0.772,*9*8/H
MaxMuncy,,muncyma01,589,164,5.7,1,4.7,4.623,26,2019,28,LAD,NL,141,487,101,122,22,1,35,98,90,1,149,8,0,4,5,4,1,0.251,0.374,0.515,0.889,435/H
HunterDozier,,doziehu01,586,133,3.2,-0.4,3.6,1.846,19,2019,27,KCR,AL,139,523,75,146,29,10,26,84,55,2,148,3,0,5,9,2,2,0.279,0.348,0.522,0.87,*59D/3H
StarlingMarte,,martest01,586,156,2.9,-0.7,4,0.53,15,2019,30,PIT,NL,132,539,97,159,31,6,23,82,25,1,94,16,2,4,15,25,6,0.295,0.342,0.503,0.845,*8/H
WillyAdames,,adamewi01,584,101,4.2,2.1,2.9,-1.619,-4,2019,23,TBR,AL,152,531,69,135,25,1,20,52,46,1,153,3,3,1,9,4,2,0.254,0.317,0.418,0.735,*6/H
MikeMoustakas,,moustmi01,584,132,2.8,0,3.2,1.115,10,2019,30,MIL,NL,143,523,80,133,30,1,35,87,53,5,98,6,0,2,12,3,0,0.254,0.329,0.516,0.845,*54/HD
RougnedOdor,,odorro01,581,140,0,0,0.4,-1.873,-18,2019,25,TEX,AL,145,522,77,107,30,1,30,93,52,2,178,5,1,1,4,11,9,0.205,0.283,0.439,0.721,*4/HD
ChristianYelich,,yelicch01,580,153,7,-0.8,7.3,7.121,60,2019,27,MIL,NL,130,489,100,161,29,3,44,97,80,16,118,8,0,3,8,30,2,0.329,0.429,0.671,1.1,*9/7HD8
DexterFowler,,fowlede01,574,117,1.5,-0.6,1.7,0.93,1,2019,33,STL,NL,150,487,69,116,24,1,19,67,74,1,142,8,1,4,6,8,5,0.238,0.346,0.409,0.754,*98H
TreaTurner,,turnetr01,569,134,3.3,0.4,3.6,2.172,10,2019,26,WSN,NL,122,521,96,155,37,5,19,57,43,2,113,3,0,2,10,35,5,0.298,0.353,0.497,0.85,*6
JackieBradleyJr,,bradlja02,567,110,1.9,0.3,2,-2.432,-8,2019,29,BOS,AL,147,494,69,111,28,3,21,62,56,3,155,12,3,2,6,8,6,0.225,0.317,0.421,0.738,*8/H9
JeffMcNeil,,mcneije01,567,135,4.9,0,4.7,1.452,34,2019,27,NYM,NL,133,510,83,162,38,1,23,75,35,2,75,21,0,1,5,5,6,0.318,0.384,0.531,0.916,*7945/H
MallexSmith,,smithma05,566,101,-0.1,-1,1,-0.899,-18,2019,26,SEA,AL,134,510,70,116,19,9,6,37,42,0,141,11,2,1,7,46,9,0.227,0.3,0.335,0.635,*89/7HD
JavierBaez,,baezja01,561,145,6,3.3,3.4,0.249,8,2019,26,CHC,NL,138,531,89,149,38,4,29,85,28,3,156,0,0,2,16,11,7,0.281,0.316,0.531,0.847,*6/HD5
BrandonCrawford,,crawfbr01,560,106,0.2,0.2,0.7,-1.543,-17,2019,32,SFG,NL,147,500,58,114,24,2,11,59,53,5,117,3,0,4,10,3,2,0.228,0.304,0.35,0.654,*6/H
YoanMoncada,,moncayo01,559,137,4.8,0,5.1,2.285,30,2019,24,CHW,AL,132,511,83,161,34,5,25,79,40,2,154,4,1,3,1,10,3,0.315,0.367,0.548,0.915,*5/HD
DanielVogelbach,,vogelda01,558,119,1.2,-1.5,1.6,1.019,10,2019,26,SEA,AL,144,462,73,96,17,0,30,76,92,2,149,2,0,2,4,0,0,0.208,0.341,0.439,0.78,*D3H
GeorgeSpringer,,springe01,556,153,6.4,1.2,5.1,1.881,35,2019,29,HOU,AL,122,479,96,140,20,3,39,96,67,1,113,6,0,4,12,6,2,0.292,0.383,0.591,0.974,*89D/H
YolmerSanchez,,sanchca01,555,100,1.3,1,0.8,-2.42,-18,2019,27,CHW,AL,149,496,59,125,20,4,2,43,44,1,117,5,7,3,7,5,4,0.252,0.318,0.321,0.638,*4/H
HanserAlberto,,alberha01,550,101,2.9,0.6,2.7,-1.145,-2,2019,26,BAL,AL,139,524,62,160,21,2,12,51,16,1,50,4,3,3,9,4,4,0.305,0.329,0.422,0.751,*45/H791D
BrettGardner,,gardnbr01,550,132,4.1,0.7,3.5,-0.21,11,2019,35,NYY,AL,141,491,86,123,26,7,28,74,52,0,108,4,0,3,6,10,2,0.251,0.325,0.503,0.829,*87/HD
JoshReddick,,reddijo01,550,99,1.4,0.5,0.3,0.14,-8,2019,32,HOU,AL,141,501,57,138,19,3,14,56,36,1,66,0,1,9,9,5,2,0.275,0.319,0.409,0.728,*97H/83D
MiguelCabrera,,cabremi01,549,88,-0.1,-1,-0.1,-0.761,-2,2019,36,DET,AL,136,493,41,139,21,0,12,59,48,4,108,3,0,5,18,0,0,0.282,0.346,0.398,0.744,*D3/H
MarcellOzuna,,ozunama01,549,140,1.9,-0.5,2,0.176,5,2019,28,STL,NL,130,485,80,117,23,1,29,89,62,2,114,1,0,1,21,12,2,0.241,0.328,0.472,0.8,*7/H
JustinTurner,,turneju01,549,120,4.1,-0.2,4.5,0.207,23,2019,34,LAD,NL,135,479,80,139,24,0,27,67,51,1,88,14,0,5,11,2,0,0.29,0.372,0.509,0.881,*5H/D4
KoltenWong,,wongko01,549,109,5.2,2.2,3.4,-0.525,6,2019,28,STL,NL,148,478,61,136,25,4,11,59,47,5,83,13,6,5,2,24,4,0.285,0.361,0.423,0.784,*4/H
JoseAltuve,,altuvjo01,548,132,3.8,0.4,3.7,0.405,22,2019,29,HOU,AL,124,500,89,149,27,3,31,74,41,0,82,3,1,3,19,6,5,0.298,0.353,0.55,0.903,*4/HD6
FranmilReyes,,reyesfr01,548,113,0.4,-1.9,1.5,-0.658,8,2019,23,TOT,ML,150,494,69,123,19,0,37,81,47,1,156,0,0,7,15,0,0,0.249,0.31,0.512,0.822,*9DH
MattOlson,,olsonma02,547,128,5.4,1.3,3.5,4.702,26,2019,25,OAK,AL,127,483,73,129,26,0,36,91,51,7,138,12,0,1,11,0,0,0.267,0.351,0.545,0.896,*3
OrlandoArcia,,arciaor01,546,95,-0.3,0.8,-0.4,-1.749,-28,2019,24,MIL,NL,152,494,51,110,16,1,15,59,43,5,109,1,2,6,15,8,5,0.223,0.283,0.35,0.633,*6/H
BryanReynolds,,reynobr01,546,135,4.1,0,3.7,2.583,24,2019,24,PIT,NL,134,491,83,154,37,4,16,68,46,0,121,6,0,3,9,3,2,0.314,0.377,0.503,0.88,*798/H
AlbertPujols,,pujolal01,545,125,0.5,-0.6,0.4,0.128,-4,2019,39,LAA,AL,131,491,55,120,22,0,23,93,43,1,68,3,0,8,21,3,0,0.244,0.305,0.43,0.734,*3D/H5
DansbySwanson,,swansda01,545,125,1.5,0.7,1.5,-1.22,-8,2019,25,ATL,NL,127,483,77,121,26,3,17,65,51,2,124,5,1,5,7,10,5,0.251,0.325,0.422,0.748,*6/H
JoseRamirez,,ramirjo01,542,128,3.4,0.8,2.9,0.923,5,2019,26,CLE,AL,129,482,68,123,33,3,23,83,52,3,74,2,0,6,8,24,4,0.255,0.327,0.479,0.806,*5/DH
CoreySeager,,seageco01,541,150,3.3,0.7,3.3,0.988,11,2019,25,LAD,NL,134,489,82,133,44,1,19,87,44,3,98,4,0,4,8,1,0,0.272,0.335,0.483,0.817,*6/H
RyanMcMahon,,mcmahry01,539,129,1.2,0.4,1.1,-0.107,-11,2019,24,COL,NL,141,480,70,120,22,1,24,83,56,1,160,1,1,1,14,5,1,0.25,0.329,0.45,0.779,*453H
KhrisDavis,,daviskh01,533,111,-0.3,-0.9,-0.5,-0.855,-13,2019,31,OAK,AL,133,481,61,106,11,0,23,73,47,3,146,3,0,2,11,0,0,0.22,0.293,0.387,0.679,*D/H7
KevinNewman,,newmake01,531,113,3.1,0,3.8,2.086,7,2019,25,PIT,NL,130,493,61,152,20,6,12,64,28,2,62,7,2,1,5,16,8,0.308,0.353,0.446,0.8,*64H/57
AvisailGarcia,,garciav01,530,113,2.1,-0.2,1.8,-0.145,7,2019,28,TBR,AL,125,489,61,138,25,2,20,72,31,2,125,7,0,3,15,10,4,0.282,0.332,0.464,0.796,*9D8/H
JosÃ©Iglesias,,iglesjo01,530,110,1.4,1.3,0.8,0.659,-13,2019,29,CIN,NL,146,504,62,145,21,3,11,59,20,3,70,3,1,2,17,6,6,0.288,0.318,0.407,0.724,*6/H
AdamJones,,jonesad01,528,117,-0.6,-1.2,0.2,0.001,-10,2019,33,ARI,NL,137,485,66,126,25,1,16,67,31,2,101,8,0,3,15,2,1,0.26,0.313,0.414,0.728,*9H/8
MiguelRojas,,rojasmi02,526,93,1.4,0.7,1.3,-1.681,-5,2019,30,MIA,NL,132,483,52,137,29,1,5,46,32,2,62,5,1,5,15,9,5,0.284,0.331,0.379,0.71,*6/3H4
WilsonRamos,,ramoswi01,524,111,2.2,0.4,2.5,1.86,6,2019,31,NYM,NL,141,473,52,136,19,0,14,73,44,5,69,4,0,3,16,1,0,0.288,0.351,0.416,0.768,*2H/D
NelsonCruz,,cruzne02,521,148,4.4,-0.9,4.2,3.465,45,2019,38,MIN,AL,120,454,81,141,26,0,41,108,56,8,131,7,0,3,14,0,1,0.311,0.392,0.639,1.031,*D/H
ChristianVazquez,,vazquch01,521,115,2.3,0.6,2.3,-0.314,1,2019,28,BOS,AL,138,482,66,133,26,1,23,72,33,3,101,0,3,3,17,4,2,0.276,0.32,0.477,0.798,*2HD3/54
BrianAnderson,,anderbr06,520,103,3.7,1.1,2.6,0.014,11,2019,26,MIA,NL,126,459,57,120,33,1,20,66,44,1,114,14,0,3,15,5,1,0.261,0.342,0.468,0.811,*59/HD
TimAnderson,,anderti01,518,119,3.7,-0.4,4.7,1.822,20,2019,26,CHW,AL,123,498,81,167,32,0,18,56,15,0,109,3,0,2,12,17,5,0.335,0.357,0.508,0.865,*6/HD
JuricksonProfar,,profaju01,518,112,0.3,-0.9,1.5,0.004,-6,2019,26,OAK,AL,139,459,65,100,24,2,20,67,48,2,75,8,0,3,12,9,1,0.218,0.301,0.41,0.711,*4H/D73
AsdrubalCabrera,,cabreas01,514,142,0.8,-0.7,1.7,0.373,-1,2019,33,TOT,ML,131,447,69,116,25,1,18,91,57,2,103,3,0,7,9,4,0,0.26,0.342,0.441,0.783,*54/H3
VladimirGuerreroJr,,guerrvl02,514,106,1.5,-0.7,2.3,0.431,5,2019,20,TOR,AL,123,464,52,126,26,2,15,69,46,0,91,2,0,2,17,0,1,0.272,0.339,0.433,0.772,*5D/H
JocPederson,,pederjo01,514,121,3.2,-0.1,2.6,1.727,17,2019,27,LAD,NL,149,450,83,112,16,3,36,74,50,2,111,12,0,2,4,1,1,0.249,0.339,0.538,0.876,*79H3/8D
JasonKipnis,,kipnija01,511,100,0.7,-0.1,1.1,-0.862,-11,2019,32,CLE,AL,121,458,52,112,23,1,17,65,40,2,88,2,5,6,7,7,2,0.245,0.304,0.41,0.715,*4/D
DannySantana,,santada01,511,134,2,-0.6,2.4,1.072,7,2019,28,TEX,AL,130,474,81,134,23,6,28,81,25,2,151,6,0,5,8,21,6,0.283,0.324,0.534,0.857,38479H/65D
LukeVoit,,voitlu01,510,113,1.4,-1.8,2.4,1.637,18,2019,28,NYY,AL,118,429,72,113,21,1,21,62,71,2,142,9,0,1,12,0,0,0.263,0.378,0.464,0.842,*3D/H
RyanBraun,,braunry02,508,123,1.7,-0.9,2.1,1.509,11,2019,35,MIL,NL,144,459,70,131,31,2,22,75,34,1,105,8,0,3,15,11,1,0.285,0.343,0.505,0.849,*7H/D9
EvanLongoria,,longoev01,508,108,2.5,0.8,2,1.71,2,2019,33,SFG,NL,129,453,59,115,19,2,20,69,43,1,112,7,0,5,14,3,1,0.254,0.325,0.437,0.762,*5H
DomingoSantana,,santado01,507,111,0.5,-1.9,1.9,0.061,6,2019,26,SEA,AL,121,451,63,114,20,1,21,69,50,1,164,2,0,2,11,8,3,0.253,0.329,0.441,0.77,79D/H
EloyJimenez,,jimenel02,504,117,1.5,-1.4,2.4,-0.024,10,2019,22,CHW,AL,122,468,69,125,18,2,31,79,30,0,134,4,0,2,11,0,0,0.267,0.315,0.513,0.828,*7/D
ColinMoran,,moranco01,503,113,-1.1,-2,1.1,-0.843,-1,2019,26,PIT,NL,149,466,46,129,30,1,13,80,30,4,117,3,0,4,13,0,1,0.277,0.322,0.429,0.751,*5H4/37
ScottKingery,,kingesc01,500,100,2.8,1,2.1,-0.61,-1,2019,25,PHI,NL,126,458,64,118,34,4,19,55,34,1,147,5,1,2,3,15,4,0.258,0.315,0.474,0.788,*85674/H9
JustinSmoak,,smoakju01,500,93,0.3,-1.3,0.8,1.337,2,2019,32,TOR,AL,121,414,54,86,16,0,22,61,79,3,106,6,0,1,11,0,0,0.208,0.342,0.406,0.748,*3D/H
CJCron,,croncj01,499,104,1.7,0,1.1,-1.966,1,2019,29,MIN,AL,125,458,51,116,24,0,25,78,29,3,107,10,0,2,13,0,0,0.253,0.311,0.469,0.78,*3/HD
ToddFrazier,,frazito01,499,109,1.8,-0.2,2.3,-0.248,4,2019,33,NYM,NL,133,447,63,112,19,2,21,67,40,1,106,12,0,0,9,1,2,0.251,0.329,0.443,0.772,*5H/3D
MarkCanha,,canhama01,497,112,4.3,-0.5,4.6,1.268,30,2019,30,OAK,AL,126,410,80,112,16,3,26,58,67,1,107,18,0,2,10,3,2,0.273,0.396,0.517,0.913,89D3H7
HunterRenfroe,,renfrhu01,494,95,2.7,1.6,0.5,0.03,0,2019,27,SDP,NL,140,440,64,95,19,1,33,64,46,1,154,2,0,6,6,5,0,0.216,0.289,0.489,0.778,*97H/8
MattCarpenter,,carpema01,492,90,1.2,0.6,0.9,-0.13,-4,2019,33,STL,NL,129,416,59,94,20,2,15,46,63,0,129,7,1,5,3,6,1,0.226,0.334,0.392,0.726,*5H/3D
JoePanik,,panikjo01,491,84,-0.6,-0.5,0.2,-0.139,-14,2019,28,TOT,NL,142,438,50,107,21,2,5,39,43,2,47,4,2,4,6,4,2,0.244,0.315,0.336,0.651,*4H
WilMyers,,myerswi01,490,93,-0.4,-1.4,0.7,-2.351,-3,2019,28,SDP,NL,155,435,58,104,22,1,18,53,51,0,168,2,1,1,12,16,7,0.239,0.321,0.418,0.739,*78H/395
Ji-ManChoi,,choiji01,487,98,2,-0.6,2,1.219,14,2019,28,TBR,AL,127,410,54,107,20,2,19,63,64,2,108,6,0,7,7,2,3,0.261,0.363,0.459,0.822,*3HD
EdwinEncarnacion,,encared01,486,133,2.9,-0.6,2.8,2.556,20,2019,36,TOT,AL,109,418,81,102,18,0,34,86,58,1,103,7,0,3,4,0,1,0.244,0.344,0.531,0.875,*3D/H4
IanDesmond,,desmoia01,482,109,-1.8,-2.2,0.4,-0.662,-10,2019,33,COL,NL,140,443,64,113,31,4,20,65,34,1,119,2,1,2,12,3,3,0.255,0.31,0.479,0.788,*87H/D1
BrianDozier,,doziebr01,482,84,0.7,-0.3,1.3,-0.517,-3,2019,32,WSN,NL,135,416,54,99,20,0,20,50,61,2,105,4,0,1,11,3,4,0.238,0.34,0.43,0.771,*4H/1
RobbieGrossman,,grossro01,482,89,1,0,0.6,-0.609,-6,2019,29,OAK,AL,138,420,57,101,21,3,6,38,59,2,86,1,0,2,7,9,4,0.24,0.334,0.348,0.682,*7H9/8
OscarMercado,,mercaos01,482,109,2.5,1,1.6,-0.633,-3,2019,24,CLE,AL,115,438,70,118,25,3,15,54,28,0,84,5,7,4,9,15,4,0.269,0.318,0.443,0.761,*87/9HD
OmarNarvaez,,narvaom01,482,96,2.3,-0.3,3.1,0.781,13,2019,27,SEA,AL,132,428,63,119,12,0,22,55,47,1,92,4,0,3,5,0,0,0.278,0.353,0.46,0.813,*2DH/4
RamonLaureano,,laurera01,481,122,3.6,0.1,3.8,2.038,19,2019,24,OAK,AL,123,434,79,125,29,0,24,67,27,0,123,11,1,8,7,13,2,0.288,0.34,0.521,0.86,*89/H
KevinKiermaier,,kiermke01,480,101,2.4,1.7,1,-0.873,-15,2019,29,TBR,AL,129,447,60,102,20,7,14,55,26,2,104,5,1,1,8,19,5,0.228,0.278,0.398,0.676,*8/HD
DanielMurphy,,murphda08,478,121,0.3,-0.4,0.1,0.194,-9,2019,34,COL,NL,132,438,56,122,35,1,13,78,32,1,74,2,0,4,10,1,1,0.279,0.328,0.452,0.78,*3H/D4
JamesMcCann,,mccanja02,476,104,3.7,1.3,3,-0.197,5,2019,29,CHW,AL,118,439,62,120,26,1,18,60,30,1,137,6,1,0,10,4,1,0.273,0.328,0.46,0.789,*2D/H
GioUrshela,,urshegi01,476,126,3.9,0.5,3.7,2.325,22,2019,27,NYY,AL,132,442,73,139,34,0,21,74,25,1,87,5,0,4,13,1,1,0.314,0.355,0.534,0.889,*5H/D37
NikoGoodrum,,goodrni01,472,94,1.6,-0.2,1.9,-1.537,-4,2019,27,DET,AL,112,423,61,105,27,5,12,45,46,1,138,1,0,2,7,12,3,0.248,0.322,0.421,0.743,6473/89DH5
NickMarkakis,,markani01,469,114,1,-0.8,1.3,0.255,0,2019,35,ATL,NL,116,414,61,118,25,2,9,62,47,1,59,2,0,6,11,2,0,0.285,0.356,0.42,0.776,*9/7HD
NomarMazara,,mazarno01,469,116,0.7,-0.7,1,0.131,-3,2019,24,TEX,AL,116,429,69,115,27,1,19,66,28,2,108,6,0,6,5,4,1,0.268,0.318,0.469,0.786,*9/HD
JorgeAlfaro,,alfarjo01,465,83,1.3,0.3,1.7,-1.787,-4,2019,26,MIA,NL,130,431,44,113,14,1,18,57,22,1,154,10,0,2,12,4,4,0.262,0.312,0.425,0.736,*2H/3D
TeoscarHernandez,,hernate01,464,97,1.2,-0.7,1.9,-0.837,2,2019,26,TOR,AL,125,417,58,96,19,2,26,65,45,1,153,1,0,1,8,6,3,0.23,0.306,0.472,0.778,*87H/D
JonathanSchoop,,schoojo01,464,97,1.6,0.4,1.5,-1.334,0,2019,27,MIN,AL,121,433,61,111,23,1,23,59,20,1,116,10,0,1,13,1,1,0.256,0.304,0.473,0.777,*4/HD
MarwinGonzalez,,gonzama01,463,92,1.8,0.9,0.7,0.954,-4,2019,30,MIN,AL,114,425,52,112,19,0,15,55,31,2,98,6,0,1,7,1,0,0.264,0.322,0.414,0.736,9537/HD46
EnriqueHernandez,,hernaen02,460,104,2.2,1.6,0.8,-0.927,-8,2019,27,LAD,NL,130,414,57,98,19,1,17,64,36,3,97,6,0,4,9,4,0,0.237,0.304,0.411,0.715,*4H8967/35
EricThames,,thameer01,459,103,1.6,-0.7,1.6,2.217,10,2019,32,MIL,NL,149,396,67,98,23,2,25,61,51,4,140,10,0,2,0,3,2,0.247,0.346,0.505,0.851,*3H9/D
BrianGoodwin,,goodwbr01,458,95,2.2,-0.1,2.1,0.276,6,2019,28,LAA,AL,136,413,65,108,29,3,17,47,38,2,129,3,1,3,3,7,3,0.262,0.326,0.47,0.796,*78H9/D
JDDavis,,davisjd01,453,100,1,-2.4,3.1,2.321,23,2019,26,NYM,NL,140,410,65,126,22,1,22,57,38,2,97,3,0,2,14,3,0,0.307,0.369,0.527,0.895,*7H5/D
JarrodDyson,,dysonja01,452,85,1.4,1.4,0.1,-0.777,-21,2019,34,ARI,NL,130,400,65,92,11,2,7,27,47,0,86,2,1,2,1,30,4,0.23,0.313,0.32,0.633,*89H7
YadierMolina,,molinya01,452,92,1.3,0.8,1.2,-0.464,-9,2019,36,STL,NL,113,419,45,113,24,0,10,57,23,0,58,5,0,5,14,6,0,0.27,0.312,0.399,0.711,*2/3H5
RobertoPerez,,perezro02,449,85,4,2.7,2.1,1.066,-2,2019,30,CLE,AL,119,389,46,93,9,1,24,63,45,1,127,4,7,4,12,0,0,0.239,0.321,0.452,0.774,*2/D
BrandonDrury,,drurybr01,447,69,-1.2,-1,-0.1,-0.978,-19,2019,26,TOR,AL,120,418,43,91,21,1,15,41,25,0,113,1,0,3,6,0,1,0.218,0.262,0.38,0.642,*5943/76HD
AaronJudge,,judgeaa01,447,103,5.5,1.7,3.4,2.784,25,2019,27,NYY,AL,102,378,75,103,18,1,27,55,64,4,141,3,0,1,11,3,2,0.272,0.381,0.54,0.921,*9D/H
RaimelTapia,,tapiara01,447,89,-0.8,-0.8,-0.3,-1.389,-19,2019,25,COL,NL,138,426,54,117,23,5,9,44,21,0,100,0,0,0,2,9,3,0.275,0.309,0.415,0.724,*7H8/9D
HaroldRamirez,,ramirha02,446,93,0.3,-0.9,0.9,1.148,-5,2019,24,MIA,NL,119,421,54,116,20,3,11,50,18,1,91,5,0,1,8,2,1,0.276,0.312,0.416,0.728,*798H
GarySanchez,,sanchga02,446,105,3.1,0.7,2.9,-0.359,10,2019,26,NYY,AL,106,396,62,92,12,1,34,77,40,3,125,9,0,1,3,0,1,0.232,0.316,0.525,0.841,*2D/H
BusterPosey,,poseybu01,445,74,0.9,1,0.6,-1.375,-8,2019,32,SFG,NL,114,405,43,104,24,0,7,38,34,1,71,4,1,1,18,0,0,0.257,0.32,0.368,0.688,*2H/3D
AdalbertoMondesi,,mondera02,443,111,2.4,1.4,1.5,-0.616,-10,2019,23,KCR,AL,102,415,58,109,20,10,9,62,19,0,132,0,3,6,6,43,7,0.263,0.291,0.424,0.715,*6/DH
KyleSeager,,seageky01,443,95,2.8,0.6,2.4,0.394,7,2019,31,SEA,AL,106,393,55,94,19,1,23,63,44,0,86,4,0,2,12,2,2,0.239,0.321,0.468,0.789,*5/HD
EricSogard,,sogarer01,442,86,2.6,-0.1,2.8,0.594,10,2019,33,TOT,AL,110,396,59,115,23,2,13,40,38,2,63,2,3,3,4,8,0,0.29,0.353,0.457,0.81,*4DH/9567
ManuelMargot,,margoma01,441,84,1.8,0.7,1.3,-0.947,-10,2019,24,SDP,NL,151,398,59,93,19,3,12,37,38,1,88,2,3,0,6,20,4,0.234,0.304,0.387,0.691,*8H
MiguelSano,,sanomi01,439,121,3,-0.5,3.6,1.022,21,2019,26,MIN,AL,105,380,76,94,19,2,34,79,55,0,159,3,0,1,5,0,1,0.247,0.346,0.576,0.923,*5/3DH
RobinsonChirinos,,chiriro01,437,98,3.8,1.7,2.8,-0.757,5,2019,35,HOU,AL,114,366,57,87,22,1,17,58,51,1,125,13,2,5,11,1,2,0.238,0.347,0.443,0.79,*2/H
CavanBiggio,,biggica01,430,98,2.9,-0.1,3.1,1.803,9,2019,24,TOR,AL,100,354,66,83,17,2,16,48,71,0,123,2,0,2,0,14,0,0.234,0.364,0.429,0.793,*4/39DH7
MaikelFranco,,francma02,428,87,-0.6,-0.1,-0.3,0.321,-12,2019,26,PHI,NL,123,389,48,91,17,0,17,56,36,19,61,0,0,3,14,0,0,0.234,0.297,0.409,0.705,*5H/3
ShoheiOhtani,,ohtansh01,425,95,2.5,-0.7,2.4,0.373,12,2019,24,LAA,AL,106,384,51,110,20,5,18,62,33,1,110,2,0,4,6,12,3,0.286,0.343,0.505,0.848,*DH
AndreltonSimmons,,simmoan01,424,80,1.9,1.8,0.7,-1.569,-12,2019,29,LAA,AL,103,398,47,105,19,0,7,40,24,1,37,2,0,0,21,10,2,0.264,0.309,0.364,0.673,*6/HD
JakeBauers,,bauerja01,423,77,-0.7,-0.8,-0.5,-1.815,-12,2019,23,CLE,AL,117,372,46,84,16,1,12,43,45,0,115,3,0,3,3,3,3,0.226,0.312,0.371,0.683,7D3/H
RobinsonCano,,canoro01,423,72,0.3,-0.5,1,-0.849,-1,2019,36,NYM,NL,107,390,46,100,28,0,13,39,25,3,69,5,0,3,16,0,0,0.256,0.307,0.428,0.736,*4/HD
DavidPeralta,,peralda01,423,93,1.9,0.6,1,1.123,4,2019,31,ARI,NL,99,382,48,105,29,3,12,57,35,3,87,5,0,1,9,0,0,0.275,0.343,0.461,0.804,*7/HD
GarrettCooper,,coopega03,421,87,1.6,-0.3,1.4,0.444,6,2019,28,MIA,NL,107,381,52,107,16,1,15,50,33,0,110,5,0,2,10,0,0,0.281,0.344,0.446,0.791,*39/HD
DeeStrange-Gordon,,gordode01,421,67,0.8,-0.1,1.2,-0.268,-10,2019,31,SEA,AL,117,393,36,108,12,6,3,34,18,1,61,1,3,6,8,22,5,0.275,0.304,0.359,0.663,*4/HD6
BrandonDixon,,dixonbr01,420,78,-0.4,-1.1,0.2,-0.469,-8,2019,27,DET,AL,117,391,41,97,20,4,15,52,21,0,136,4,0,4,5,5,1,0.248,0.29,0.435,0.725,*37DH/95418
ChristinStewart,,stewach02,416,62,-0.3,-0.5,-0.2,-0.187,-9,2019,25,DET,AL,104,369,32,86,25,1,10,40,34,3,103,7,0,6,4,0,1,0.233,0.305,0.388,0.693,*7D/H
NickSenzel,,senzeni01,414,85,0.6,0,0.8,-0.686,-7,2019,24,CIN,NL,104,375,55,96,20,4,12,42,30,0,101,3,0,1,6,14,5,0.256,0.315,0.427,0.742,*8H/4
ChrisTaylor,,tayloch03,414,92,1.7,-0.2,1.9,0.691,5,2019,28,LAD,NL,124,366,52,96,29,4,12,52,37,3,115,4,2,5,6,8,0,0.262,0.333,0.462,0.794,76H84/59
DavidDahl,,dahlda01,413,113,0.4,-1.4,1.6,0.271,6,2019,25,COL,NL,100,374,67,113,28,5,15,61,28,0,110,4,2,5,3,4,4,0.302,0.353,0.524,0.877,879/H
RioRuiz,,ruizri01,413,69,-0.2,-0.3,0.3,1.382,-11,2019,25,BAL,AL,127,370,35,86,13,2,12,46,40,0,88,0,1,2,12,0,1,0.232,0.306,0.376,0.682,*5H3/D4
TonyWolters,,wolteto01,411,83,1.5,2.1,0.1,-0.18,-19,2019,27,COL,NL,121,359,42,94,17,2,1,42,36,5,68,8,2,6,9,0,1,0.262,0.337,0.329,0.666,*2/H45
MikeYastrzemski,,yastrmi01,411,98,2.8,0.2,2.1,0.338,12,2019,28,SFG,NL,107,371,64,101,22,3,21,55,32,1,107,4,1,3,4,2,4,0.272,0.334,0.518,0.852,*7*9H/8
WillsonContreras,,contrwi01,409,97,3.1,0.7,3,-0.215,13,2019,27,CHC,NL,105,360,57,98,18,2,24,64,38,2,102,9,0,2,4,1,2,0.272,0.355,0.533,0.888,*2/H397D
RowdyTellez,,tellero01,409,82,0,-0.8,0.1,-1.224,-3,2019,24,TOR,AL,111,370,49,84,19,0,21,54,29,3,116,7,0,3,9,1,1,0.227,0.293,0.449,0.742,*3DH
DelinoDeShields,,deshide02,408,70,1.5,1.2,0.7,-0.203,-16,2019,26,TEX,AL,118,357,42,89,15,4,4,32,38,0,100,3,8,2,8,24,6,0.249,0.325,0.347,0.672,*8H/D
HarrisonBader,,baderha01,406,81,2.1,1.5,0.8,0.161,-11,2019,25,STL,NL,128,347,54,71,14,3,12,39,46,4,117,10,1,2,3,11,3,0.205,0.314,0.366,0.68,*8H
LuisRengifo,,rengilu01,406,70,1.2,0.4,1.2,-0.654,-8,2019,22,LAA,AL,108,357,44,85,18,3,7,33,40,0,93,5,1,3,6,2,5,0.238,0.321,0.364,0.685,*46/H
AnthonySantander,,santaan02,405,85,1.4,-0.2,1.3,-0.484,0,2019,24,BAL,AL,93,380,46,99,20,1,20,59,19,0,86,2,1,3,1,1,2,0.261,0.297,0.476,0.773,*978/DH
JosePeraza,,perazjo01,403,64,-0.9,0.4,-1,-2.084,-22,2019,25,CIN,NL,141,376,37,90,18,2,6,33,17,0,58,8,0,2,9,7,6,0.239,0.285,0.346,0.631,*467H/851
NickyLopez,,lopezni01,402,72,0.1,0.6,-0.1,-2.505,-23,2019,24,KCR,AL,103,379,44,91,22,2,2,30,18,0,51,1,4,0,5,1,1,0.24,0.276,0.325,0.601,*46/HD
MelkyCabrera,,cabreme01,397,83,-1.3,-2,0.3,-0.331,-7,2019,34,PIT,NL,133,378,43,106,22,1,7,47,17,3,41,1,1,0,14,2,0,0.28,0.313,0.399,0.713,*9H7/D
JPCrawford,,crawfjp01,396,82,1.1,0.1,1.5,-0.006,-5,2019,24,SEA,AL,93,345,43,78,21,4,7,46,43,0,83,2,3,3,4,5,3,0.226,0.313,0.371,0.684,*6
StephenPiscotty,,piscost01,393,77,0.8,-0.1,0.6,-0.966,-3,2019,28,OAK,AL,93,357,46,89,17,1,13,44,29,0,84,3,1,3,13,2,0,0.249,0.309,0.412,0.72,*9/DH
DwightSmithJr,,smithdw02,392,86,-0.8,-1.3,0.2,-1.536,-8,2019,26,BAL,AL,101,357,46,86,16,3,13,53,26,0,82,4,1,4,8,5,1,0.241,0.297,0.412,0.708,*7H/D
Travisd'Arnaud,,darnatr01,391,105,0.9,-0.2,1.5,0.51,-1,2019,30,TOT,ML,103,351,52,88,16,0,16,69,32,0,85,2,0,6,4,0,1,0.251,0.312,0.433,0.745,*23H/D
JeimerCandelario,,candeje01,386,57,0.5,0.4,0.2,-1.627,-15,2019,25,DET,AL,94,335,33,68,17,2,8,32,43,1,99,7,0,1,3,3,1,0.203,0.306,0.337,0.643,*53/HD
DannyJansen,,janseda01,384,71,1.1,1.4,0.3,-1.025,-15,2019,24,TOR,AL,107,347,41,72,12,1,13,43,31,1,79,4,1,1,8,0,1,0.207,0.279,0.36,0.64,*2/DH
JesseWinker,,winkeje01,384,73,0.7,-0.8,1.2,-0.039,6,2019,25,CIN,NL,113,338,51,91,17,2,16,38,38,2,60,8,0,0,10,0,2,0.269,0.357,0.473,0.83,*7H89/D
MichaelChavis,,chavimi01,382,86,0.6,-0.3,0.8,-0.126,-3,2019,23,BOS,AL,95,347,46,88,10,1,18,58,31,2,127,4,0,0,11,2,1,0.254,0.322,0.444,0.766,*34/H5D
NeilWalker,,walkene01,381,67,0.6,-0.6,0.8,-0.487,0,2019,33,MIA,NL,115,337,37,88,19,1,8,38,42,1,77,1,0,1,8,3,0,0.261,0.344,0.395,0.738,*3H5/D4
AlexVerdugo,,verdual01,377,75,3.2,1.3,1.9,-0.006,8,2019,23,LAD,NL,106,343,43,101,22,2,12,44,26,1,49,2,0,6,8,4,1,0.294,0.342,0.475,0.817,*897H
MartinMaldonado,,maldoma01,374,61,1.3,1.4,0.5,-1.526,-12,2019,32,TOT,ML,105,333,46,71,19,0,12,27,32,1,86,6,2,1,11,0,0,0.213,0.293,0.378,0.671,*2/H3
JoseMartinez,,martijo08,373,77,-0.4,-1.5,0.8,0.111,-1,2019,30,STL,NL,128,334,45,90,13,2,10,42,35,0,82,2,0,2,14,3,0,0.269,0.34,0.41,0.751,*9H/D7
GregGarcia,,garcigr01,372,79,0.9,-0.2,1.3,1.014,-1,2019,29,SDP,NL,134,311,52,77,13,4,4,31,53,1,83,5,1,2,4,0,2,0.248,0.364,0.354,0.718,*4H5/637D
FernandoTatisJr,,tatisfe02,372,92,4.1,0.1,4.5,2.025,25,2019,20,SDP,NL,84,334,61,106,13,6,22,53,30,1,110,5,0,3,4,16,6,0.317,0.379,0.59,0.969,*6/H
HowieKendrick,,kendrho01,370,106,2.5,-0.7,3,2.106,22,2019,35,WSN,NL,121,334,61,115,23,1,17,62,27,1,49,4,0,5,11,2,1,0.344,0.395,0.572,0.966,3H45/D
RyanO'Hearn,,ohearry01,370,56,-1.5,-0.8,-1.2,-1.228,-15,2019,25,KCR,AL,105,328,32,64,13,1,14,38,39,1,99,1,0,2,7,0,1,0.195,0.281,0.369,0.65,*3H/7D
ChadPinder,,pindech01,370,79,1.4,0.7,0.6,-1.421,-5,2019,27,OAK,AL,124,341,45,82,21,0,13,47,20,0,88,5,1,3,11,0,1,0.24,0.29,0.416,0.706,79H45/86D3
JesusAguilar,,aguilje01,369,77,-0.2,-0.4,-0.3,-0.512,-5,2019,29,TOT,ML,131,314,39,74,12,0,12,50,43,0,81,2,0,7,12,0,0,0.236,0.325,0.389,0.714,*3HD/5
YordanÃlvarez,,alvaryo01,369,109,3.7,-0.5,3.6,0.902,35,2019,22,HOU,AL,87,313,58,98,26,0,27,78,52,4,94,2,0,2,9,0,0,0.313,0.412,0.655,1.067,*D7/H
HaroldCastro,,castrha01,369,63,-0.4,-0.8,0.4,-0.814,-11,2019,25,DET,AL,97,354,30,103,10,4,5,38,9,0,86,0,2,4,6,4,2,0.291,0.305,0.384,0.689,485/7H9D63
LoganForsythe,,forsylo01,367,70,-0.2,-0.3,0.1,-1.978,-13,2019,32,TEX,AL,101,317,38,72,17,1,7,39,44,0,100,3,0,2,8,2,0,0.227,0.325,0.353,0.678,356H/4
LuisArraez,,arraelu01,366,78,1.8,-0.6,2.5,1.657,13,2019,22,MIN,AL,92,326,54,109,20,1,4,28,36,1,29,1,0,3,2,2,2,0.334,0.399,0.439,0.838,*475/6HD
CarsonKelly,,kellyca02,365,75,1.7,0.4,1.9,0.81,6,2019,24,ARI,NL,111,314,46,77,19,0,18,47,48,10,79,2,0,1,11,0,0,0.245,0.348,0.478,0.826,*2H/5
TuckerBarnhart,,barnhtu01,364,61,0.6,0.7,0.5,-1.271,-8,2019,28,CIN,NL,114,316,32,73,14,0,11,40,44,7,83,2,1,1,5,1,0,0.231,0.328,0.38,0.708,*2H/3
AlbertAlmora,,almoral01,363,61,-1,-0.4,-0.4,-1.785,-19,2019,25,CHC,NL,130,339,41,80,11,1,12,32,16,4,62,1,5,2,8,2,1,0.236,0.271,0.381,0.651,*8H
CurtisGranderson,,grandcu01,363,66,-0.6,-0.4,-0.5,-1.511,-14,2019,38,MIA,NL,138,317,44,58,17,1,12,34,41,1,98,3,0,2,3,0,3,0.183,0.281,0.356,0.637,*7H/9D
StevieWilkerson,,wilkest01,361,66,-0.8,-0.7,0,-2.184,-12,2019,27,BAL,AL,117,329,41,74,18,2,10,35,22,0,108,7,1,2,5,3,3,0.225,0.286,0.383,0.669,*87H49/1D
MitchGarver,,garvemi01,359,106,4.1,0.6,4,1.01,25,2019,28,MIN,AL,93,311,70,85,16,1,31,67,41,0,87,5,0,2,5,0,0,0.273,0.365,0.63,0.995,*2H/D3
YanGomes,,gomesya01,358,67,1.3,1.4,0.5,-0.481,-11,2019,31,WSN,NL,97,314,36,70,16,0,12,43,38,6,84,5,0,1,7,2,0,0.223,0.316,0.389,0.704,*2/H3
DavidBote,,boteda01,356,77,1.6,0.2,1.7,0,3,2019,26,CHC,NL,127,303,47,78,17,0,11,41,44,4,93,7,0,2,11,5,1,0.257,0.362,0.422,0.785,*54H/69
BenGamel,,gamelbe01,356,73,0.6,-0.1,0.3,0.721,-6,2019,27,MIL,NL,134,311,47,77,18,0,7,33,40,2,104,3,0,2,0,2,2,0.248,0.337,0.373,0.71,*7H98
BillyHamilton,,hamilbi02,353,56,0.4,1.1,-0.4,-1.244,-23,2019,28,TOT,ML,119,316,41,69,14,2,0,15,32,1,87,0,3,2,1,22,6,0.218,0.289,0.275,0.564,*8H/D
ChrisDavis,,davisch02,352,50,-1.2,-0.6,-1,-0.634,-18,2019,33,BAL,AL,105,307,26,55,9,0,12,36,39,1,139,3,0,3,6,0,0,0.179,0.276,0.326,0.601,*3H/D91
TommyEdman,,edmanto01,349,84,3.9,1.2,2.9,2.632,8,2019,24,STL,NL,92,326,59,99,17,7,11,36,16,0,61,7,0,0,3,15,1,0.304,0.35,0.5,0.85,*54H9/78
KestonHiura,,hiurake01,348,81,2,-0.4,2.7,1.189,18,2019,22,MIL,NL,84,314,51,95,23,2,19,49,25,1,107,8,0,1,6,9,3,0.303,0.368,0.57,0.938,*4/H
AustinHedges,,hedgeau01,347,53,-0.7,0.8,-0.9,-1.672,-24,2019,26,SDP,NL,102,312,28,55,9,0,11,36,27,3,109,5,2,1,3,1,0,0.176,0.252,0.311,0.563,*2/H5
YandyDÃ­az,,diazya01,346,77,1.4,-0.4,1.7,-0.745,8,2019,27,TBR,AL,79,307,53,82,20,1,14,38,35,1,61,1,0,4,9,2,2,0.267,0.34,0.476,0.816,*53D/H
DidiGregorius,,gregodi01,344,92,0.3,-0.5,1.2,0.433,-7,2019,29,NYY,AL,82,324,47,77,14,2,16,61,17,1,53,1,0,2,5,2,1,0.238,0.276,0.441,0.718,*6/HD
LourdesGurrielJr,,gurrilo01,343,82,1.7,-0.5,1.9,-0.487,12,2019,25,TOR,AL,84,314,52,87,19,2,20,50,20,0,86,5,1,3,4,6,4,0.277,0.327,0.541,0.869,*7/4D3H
JoshPhegley,,phegljo01,342,94,0.3,-0.2,1.1,-0.75,-6,2019,31,OAK,AL,106,314,44,75,18,0,12,62,15,0,63,6,2,5,11,0,1,0.239,0.282,0.411,0.693,*2/H
AJPollock,,polloaj01,342,81,0.2,-1,1.3,0.435,4,2019,31,LAD,NL,86,308,49,82,15,1,15,47,23,1,74,7,0,4,7,5,1,0.266,0.327,0.468,0.795,*87/HD
PedroSeverino,,severpe01,341,68,1,0.2,1.4,-0.909,-2,2019,25,BAL,AL,96,305,37,76,13,0,13,44,29,0,73,4,1,2,5,3,1,0.249,0.321,0.42,0.74,*2/HD
WillieCalhoun,,calhowi01,337,78,0.6,-0.9,1.2,0.334,3,2019,24,TEX,AL,83,309,51,83,14,1,21,48,23,0,53,3,0,2,5,0,0,0.269,0.323,0.524,0.848,*7/DH
YonderAlonso,,alonsyo01,335,61,-0.9,-0.7,-0.8,-1.094,-14,2019,32,TOT,ML,121,292,34,58,13,0,10,37,39,3,70,2,0,2,13,0,1,0.199,0.296,0.346,0.641,HD3
MitchMoreland,,morelmi01,335,87,1.2,-0.5,1.2,1.164,5,2019,33,BOS,AL,91,298,48,75,17,1,19,58,34,0,74,1,0,2,12,1,0,0.252,0.328,0.507,0.835,*3H/D
MattAdams,,adamsma01,333,78,0.1,-0.1,-0.2,-0.677,-9,2019,30,WSN,NL,111,310,42,70,14,0,20,56,20,1,115,2,0,1,7,0,0,0.226,0.276,0.465,0.741,*3H
JayBruce,,bruceja01,333,76,0.5,-0.3,0.4,-1.066,-1,2019,32,TOT,ML,98,310,43,67,17,0,26,59,19,0,82,1,0,3,5,1,0,0.216,0.261,0.523,0.784,79H3/D
JohnHicks,,hicksjo02,333,51,-0.6,0.2,-0.5,-2.605,-20,2019,29,DET,AL,95,319,29,67,15,0,13,35,13,0,109,0,0,1,7,1,1,0.21,0.24,0.379,0.62,*23H/D
JaCobyJones,,jonesja07,333,54,-0.1,-1,1.1,-0.444,-4,2019,27,DET,AL,88,298,39,70,19,3,11,26,27,2,94,6,1,1,6,7,2,0.235,0.31,0.43,0.74,*8/HD
EliasDiaz,,diazel01,332,57,-1,-0.8,0.3,-1.77,-17,2019,28,PIT,NL,101,303,31,73,14,0,2,28,23,0,56,2,1,3,11,0,0,0.241,0.296,0.307,0.603,*2H
CheslorCuthbert,,cuthbch01,330,55,-0.6,-0.5,-0.3,-1.65,-11,2019,26,KCR,AL,87,309,24,76,14,0,9,40,19,1,67,2,0,0,14,1,0,0.246,0.294,0.379,0.673,*35H/D
TimBeckham,,beckhti01,328,71,0.2,-1,1.3,0.036,1,2019,29,SEA,AL,88,304,39,72,21,1,15,47,21,0,102,3,0,0,7,1,3,0.237,0.293,0.461,0.753,67D5/43H
JonathanLucroy,,lucrojo01,328,58,-1,-0.5,-0.1,-1.838,-10,2019,33,TOT,ML,101,293,30,68,10,1,8,36,27,1,51,5,0,3,17,0,0,0.232,0.305,0.355,0.66,*2/3HD
GarrettHampson,,hampsga01,327,59,0.3,0.3,0.2,-0.95,-17,2019,24,COL,NL,105,299,40,74,9,4,8,27,24,1,88,0,2,2,2,15,3,0.247,0.302,0.385,0.686,48H6/7
BrandonLowe,,lowebr01,327,76,2.6,0.1,2.7,0.893,10,2019,24,TBR,AL,82,296,42,80,17,2,17,51,25,0,113,5,0,1,1,5,0,0.27,0.336,0.514,0.85,*4/H39D7
CarlosCorrea,,correca01,321,80,3.5,1.2,2.7,0.882,16,2019,24,HOU,AL,75,280,42,78,16,1,21,59,35,0,75,2,0,4,8,1,0,0.279,0.358,0.568,0.926,*6
TommyLaStella,,lasteto01,321,77,2,-0.1,2.2,-0.075,7,2019,30,LAA,AL,80,292,49,86,8,0,16,44,20,0,28,3,0,0,8,0,0,0.295,0.346,0.486,0.832,*45/H3D
JakeMarisnick,,marisja01,318,70,1.4,0.9,0.7,-1.205,-9,2019,28,HOU,AL,120,292,46,68,16,3,10,34,17,0,95,6,3,0,6,10,3,0.233,0.289,0.411,0.7,*8H/D
BrianMcCann,,mccanbr01,316,61,0.2,0.2,0.5,0.682,-6,2019,35,ATL,NL,85,277,28,69,9,0,12,45,31,1,53,2,0,6,10,0,0,0.249,0.323,0.412,0.734,*2/H
HunterPence,,pencehu01,316,94,1.6,-0.9,2,1.458,11,2019,36,TEX,AL,83,286,53,85,17,1,18,59,26,0,69,2,0,2,2,6,1,0.297,0.358,0.552,0.91,*D7H/9
TylerFlowers,,flowety01,310,59,-0.3,-0.4,0.6,-1.422,-6,2019,33,ATL,NL,85,271,36,62,11,3,11,34,31,3,105,6,0,2,8,0,0,0.229,0.319,0.413,0.733,*2/H
RichieMartin,,martiri01,309,46,-1.3,-0.8,0,-1.262,-20,2019,24,BAL,AL,120,283,29,59,8,3,6,23,14,0,83,6,5,1,6,10,1,0.208,0.26,0.322,0.581,*6/HD
KurtSuzuki,,suzukku01,309,83,0.3,-0.6,1.4,0.936,0,2019,35,WSN,NL,85,280,37,74,11,0,17,63,20,1,36,6,0,3,10,0,1,0.264,0.324,0.486,0.809,*2H
DerekDietrich,,dietrde01,306,65,1,-0.1,1,0.13,0,2019,29,CIN,NL,113,251,41,47,8,2,19,43,28,2,74,25,0,1,2,1,1,0.187,0.328,0.462,0.79,*4H37/D5
GerardoParra,,parrage01,301,77,0.7,0.3,0,0.316,-11,2019,32,TOT,NL,119,274,38,64,14,1,9,48,19,3,59,5,1,2,7,8,3,0.234,0.293,0.391,0.684,H9738/415
JoeyGallo,,gallojo01,297,81,3.1,0.5,2.5,0.587,17,2019,25,TEX,AL,70,241,54,61,15,1,22,49,52,4,114,2,1,1,0,4,2,0.253,0.389,0.598,0.986,*87/D
AustinRiley,,rileyau01,297,72,0.1,0.1,-0.2,0.776,-7,2019,22,ATL,NL,80,274,41,62,11,1,18,49,16,3,108,5,0,2,4,0,2,0.226,0.279,0.471,0.75,*7H/359D
PabloSandoval,,sandopa01,296,69,1.5,-0.1,1.5,0.667,6,2019,32,SFG,NL,108,272,42,73,23,0,14,41,18,2,67,1,2,3,8,1,0,0.268,0.313,0.507,0.82,H53/D1
MikeTauchman,,tauchmi01,296,80,3.8,1.6,2,0.689,11,2019,28,NYY,AL,87,260,46,72,18,1,13,47,34,0,71,1,0,1,9,6,0,0.277,0.361,0.504,0.865,*798/H
ByronBuxton,,buxtoby01,295,84,3.1,1.3,2.1,0.794,5,2019,25,MIN,AL,87,271,48,71,30,4,10,46,19,1,68,2,2,1,3,14,3,0.262,0.314,0.513,0.827,*8/HD
RonaldGuzman,,guzmaro01,295,60,0,0.1,-0.5,-0.155,-7,2019,24,TEX,AL,87,256,34,56,20,0,10,36,32,1,87,3,0,4,7,1,2,0.219,0.308,0.414,0.723,*3/HD
BrockHolt,,holtbr01,295,66,1.4,0.4,1.1,0.296,2,2019,31,BOS,AL,87,259,38,77,14,2,3,31,28,1,57,4,0,4,4,1,0,0.297,0.369,0.402,0.771,*4H3/6975D
TylerNaquin,,naquity01,294,58,1.5,0.6,0.6,-0.085,1,2019,28,CLE,AL,89,274,34,79,19,0,10,34,14,2,66,2,2,2,8,4,2,0.288,0.325,0.467,0.792,*97H/D
RonnyRodriguez,,rodriro03,294,58,-0.6,-0.6,0.1,-1.448,-11,2019,27,DET,AL,84,276,29,61,12,3,14,43,13,0,82,0,0,5,5,3,1,0.221,0.252,0.438,0.69,46H3/D57
VictorReyes,,reyesvi01,292,51,1.2,0.2,1.1,0.168,0,2019,24,DET,AL,69,276,29,84,16,5,3,25,14,0,64,0,0,2,5,9,3,0.304,0.336,0.431,0.767,*87/9H
MikeZunino,,zuninmi01,289,53,-0.2,1,-0.7,-1.883,-22,2019,28,TBR,AL,90,266,30,44,10,1,9,32,20,0,98,3,0,0,4,0,0,0.165,0.232,0.312,0.544,*2/H
DawelLugo,,lugoda01,288,48,-0.5,-0.2,-0.2,-1.6,-13,2019,24,DET,AL,77,273,28,67,11,4,6,26,8,1,59,3,0,4,8,0,0,0.245,0.271,0.381,0.652,*5/HD
JonBerti,,bertijo01,287,70,1.6,0.3,1.5,0.278,2,2019,29,MIA,NL,73,256,52,70,14,1,6,24,24,0,73,6,0,1,2,17,3,0.273,0.348,0.406,0.755,685/H79
WilmerFlores,,florewi01,285,59,0.9,-0.3,1.3,0.001,7,2019,27,ARI,NL,89,265,31,84,18,0,9,37,15,0,31,4,0,1,9,0,0,0.317,0.361,0.487,0.848,*4H3
JuanLagares,,lagarju01,285,60,-0.8,-0.3,-0.4,-0.84,-13,2019,30,NYM,NL,133,258,38,55,12,1,5,27,22,4,75,2,2,1,8,4,1,0.213,0.279,0.326,0.605,*8H
JoseOsuna,,osunajo01,285,67,-0.1,-0.8,0.5,0.186,0,2019,26,PIT,NL,95,261,41,69,20,0,10,36,18,0,48,1,0,4,6,0,0,0.264,0.31,0.456,0.766,3H95/71
MitchHaniger,,hanigmi01,283,63,1.3,0.1,1.2,0.737,4,2019,28,SEA,AL,63,246,46,54,13,1,15,32,30,1,81,5,0,2,3,4,0,0.22,0.314,0.463,0.778,*98/HD
DylanMoore,,mooredy01,282,50,0.1,0,0.1,-1.21,-4,2019,26,SEA,AL,113,247,31,51,14,2,9,28,25,0,93,9,1,0,6,11,9,0.206,0.302,0.389,0.691,674H59/3D81
StevenDuggar,,duggast01,281,50,-0.1,0.5,-0.6,-0.747,-13,2019,25,SFG,NL,73,261,26,61,12,2,4,28,16,0,78,1,0,3,1,1,4,0.234,0.278,0.341,0.619,*89/H
IanKinsler,,kinslia01,281,41,-0.4,0,-0.3,-1.095,-11,2019,37,SDP,NL,87,258,28,56,12,0,9,22,19,0,54,3,0,1,5,2,4,0.217,0.278,0.368,0.646,*4H/1
TomMurphy,,murphto04,281,54,2.7,1,2.1,0.128,10,2019,28,SEA,AL,75,260,32,71,12,1,18,40,19,0,87,1,0,1,0,2,0,0.273,0.324,0.535,0.858,*2/DH17
StephenVogt,,vogtst01,280,60,1.2,0.1,1.5,-0.1,5,2019,34,SFG,NL,99,255,30,67,24,2,10,40,20,1,66,1,0,4,1,3,1,0.263,0.314,0.49,0.804,*2H/7D3
VictorCaratini,,caratvi01,279,54,1,0,1.3,-0.533,2,2019,25,CHC,NL,95,244,31,65,11,0,11,34,29,0,59,3,0,3,6,1,0,0.266,0.348,0.447,0.794,*23H/15
CoreyDickerson,,dickeco01,279,80,0.7,-0.9,1.4,0.793,12,2019,30,TOT,NL,78,260,33,79,28,2,12,59,16,4,56,0,0,3,4,1,0,0.304,0.341,0.565,0.906,*7H
TonyKemp,,kempto01,279,52,0.2,0.5,-0.4,0.063,-10,2019,27,TOT,ML,110,245,31,52,9,4,8,29,23,1,47,6,1,4,4,4,4,0.212,0.291,0.38,0.671,4H78/D9
JoshNaylor,,naylojo01,279,53,0,-0.8,0.5,0.274,-3,2019,22,SDP,NL,94,253,29,63,15,0,8,32,25,1,64,0,0,1,4,1,1,0.249,0.315,0.403,0.719,79H/D
TylerWhite,,whitety01,279,38,-1.1,-0.4,-1.1,-1.662,-12,2019,28,TOT,ML,83,240,18,50,14,0,3,23,36,0,78,0,0,3,7,0,0,0.208,0.308,0.304,0.612,*3DH/1
BillyMcKinney,,mckinbi01,276,53,0.2,-0.4,-6,0.2,-1.958,2019,24,TOR,AL,84,251,37,54,14,1,12,28,19,0,73,2,2,2,0,0,2,0.215,0.274,0.422,0.696,*97H/3D
JasonCastro,,castrja01,275,56,1.4,-0.2,1,0.7,-0.604,2019,32,MIN,AL,79,237,39,55,9,0,13,30,33,0,88,3,1,1,0,0,0,0.232,0.332,0.435,0.767,*2/H
JordyMercer,,mercejo03,271,37,1.2,-0.3,-3,0.6,-0.246,2019,32,DET,AL,74,256,24,69,16,0,9,22,13,1,57,2,0,0,4,0,0,0.27,0.31,0.438,0.747,*6/43HD5
TravisShaw,,shawtr01,270,31,-1.2,0.1,-19,-1.2,-1.958,2019,29,MIL,NL,86,230,22,36,5,0,7,16,36,3,89,4,0,0,5,0,0,0.157,0.281,0.27,0.551,*5H/34
CameronMaybin,,maybica01,269,69,1.5,-0.2,10,1.6,-0.309,2019,32,NYY,AL,82,239,48,68,17,0,11,32,30,0,72,0,0,0,5,9,6,0.285,0.364,0.494,0.858,*79/H8D
MattBeaty,,beatyma01,268,73,0.5,-0.6,1,0.4,1.543,2019,26,LAD,NL,99,249,36,66,19,1,9,46,17,2,33,2,0,0,6,5,0,0.265,0.317,0.458,0.775,37H/5D9
AustinNola,,nolaau01,267,58,1.2,-0.1,6,1.4,0.26,2019,29,SEA,AL,79,238,37,64,12,1,10,31,23,1,63,4,1,1,8,1,0,0.269,0.342,0.454,0.796,*34/25H79
LeonysMartÃ­n,,martile01,264,42,-0.3,0.2,-15,-0.2,-0.871,2019,31,CLE,AL,65,236,32,47,7,0,9,19,21,0,78,4,3,0,1,4,5,0.199,0.276,0.343,0.619,*8
JoeyWendle,,wendljo01,263,48,0.4,0.7,-10,0.8,-0.888,2019,29,TBR,AL,75,238,32,55,13,2,3,19,14,0,47,8,0,3,4,8,3,0.231,0.293,0.34,0.633,*456/H9
AndrewMcCutchen,,mccutan01,262,64,1.3,0.2,6,1.6,1.123,2019,32,PHI,NL,59,219,45,56,12,1,10,29,43,0,55,0,0,0,1,2,1,0.256,0.378,0.457,0.834,*78/D
JordanLuplow,,luplojo01,261,65,1.7,0.1,13,2,1.039,2019,25,CLE,AL,85,225,42,62,15,1,15,38,33,0,61,2,0,1,7,3,2,0.276,0.372,0.551,0.923,97H/8D
PhilErvin,,ervinph01,260,46,0.4,0.3,0,1,-0.56,2019,26,CIN,NL,94,236,30,64,11,7,7,23,18,0,63,4,0,2,4,4,3,0.271,0.331,0.466,0.797,*7H89
MartinPrado,,pradoma01,260,39,-1.4,-0.2,-17,-1.3,-0.679,2019,35,MIA,NL,104,245,26,57,9,0,2,15,12,0,41,0,0,3,10,0,0,0.233,0.265,0.294,0.559,H35/D
JoshVanMeter,,vanmejo01,260,48,0.2,-0.2,-4,0.3,-0.729,2019,24,CIN,NL,95,228,33,54,13,1,8,23,29,0,56,2,0,1,5,9,3,0.237,0.327,0.408,0.735,7H43/5D9
GregAllen,,allengr01,256,53,-0.2,0.4,-12,0.5,-0.998,2019,26,CLE,AL,89,231,30,53,9,3,4,27,11,1,53,9,4,1,3,8,2,0.229,0.29,0.346,0.636,*7H89
JustinUpton,,uptonju01,256,62,0.3,-1.4,-2,-0.9,-0.268,2019,31,LAA,AL,63,219,34,47,8,0,12,40,32,0,78,0,0,5,5,1,1,0.215,0.309,0.416,0.724,*7/DH
AaronHicks,,hicksaa01,255,65,1.3,0.1,2,1.3,1.984,2019,29,NYY,AL,59,221,41,52,10,0,12,36,31,0,72,0,0,3,2,1,2,0.235,0.325,0.443,0.769,*8/HD
BrandonNimmo,,nimmobr01,254,55,1.1,-0.5,7,0.7,0.816,2019,26,NYM,NL,69,199,34,44,11,1,8,29,46,2,71,5,1,3,1,3,0,0.221,0.375,0.407,0.783,*8*7/H9
WelingtonCastillo,,castiwe01,251,48,0,-0.1,-7,-0.2,0.68,2019,32,CHW,AL,72,230,19,48,12,0,12,41,16,0,74,3,0,2,8,0,0,0.209,0.267,0.417,0.684,*2D/H
TimLocastro,,locasti01,250,54,0.8,-0.2,-4,0.8,0.731,2019,26,ARI,NL,91,212,38,53,12,2,1,17,14,0,44,22,1,1,1,17,0,0.25,0.357,0.34,0.697,7H98
RussellMartin,,martiru01,249,43,0.6,0.4,-5,0.7,0.824,2019,36,LAD,NL,83,209,29,46,5,0,6,20,30,3,60,8,0,2,1,1,0,0.22,0.337,0.33,0.667,*2H/51
LuisUrias,,uriaslu01,249,47,0.6,0.3,-7,0.6,-0.701,2019,22,SDP,NL,71,215,27,48,8,1,4,24,25,0,56,9,0,0,8,0,1,0.223,0.329,0.326,0.655,*64/H5
LewisBrinson,,brinsle01,248,30,-1.8,-0.1,-25,-2,-2.749,2019,25,MIA,NL,75,226,15,39,9,1,0,15,13,1,74,6,2,1,8,1,1,0.173,0.236,0.221,0.457,*89/H
JohanCamargo,,camarjo01,248,56,-0.4,-0.2,-12,-0.6,-0.489,2019,25,ATL,NL,98,232,31,54,12,1,7,32,15,2,43,0,1,0,5,1,0,0.233,0.279,0.384,0.663,H657/943D
AdamEngel,,engelad01,248,46,0.4,0.4,-6,0.6,-0.34,2019,27,CHW,AL,89,227,26,55,10,2,6,26,14,0,78,6,1,0,5,3,3,0.242,0.304,0.383,0.687,*8/H
RyanCordell,,cordery01,247,39,-0.4,-0.3,-8,-0.6,0.077,2019,27,CHW,AL,97,217,22,48,8,0,7,24,19,0,69,3,6,2,2,3,1,0.221,0.29,0.355,0.645,*98H/7
AledmysDÃ­az,,diazal02,247,67,1.3,-0.3,5,1.1,0.163,2019,28,HOU,AL,69,210,36,57,12,1,9,40,26,1,28,5,0,6,10,2,0,0.271,0.356,0.467,0.823,345H/67D
ClintFrazier,,frazicl01,246,57,0.8,-1,4,0.1,0.373,2019,24,NYY,AL,69,225,31,60,14,0,12,38,16,1,70,2,0,3,2,1,2,0.267,0.317,0.489,0.806,*97D/H
HernanPerez,,perezhe01,246,39,-0.5,0.5,-13,-0.1,-1.337,2019,28,MIL,NL,91,232,29,53,11,0,8,18,11,0,66,0,2,1,9,5,1,0.228,0.262,0.379,0.642,46H5/9371
JeffMathis,,mathije01,244,27,-1.9,0.9,-31,-1.5,-2.304,2019,36,TEX,AL,86,228,17,36,9,0,2,12,15,1,87,0,0,1,2,1,0,0.158,0.209,0.224,0.433,*2/1
FranciscoMejia,,mejiafr01,244,41,1,0,-1,0.6,-0.218,2019,23,SDP,NL,79,226,27,60,11,2,8,22,13,1,56,4,0,1,6,1,1,0.265,0.316,0.438,0.754,*2H/7D
AustinBarnes,,barneau01,242,48,0.1,0.5,-10,0.2,-1.218,2019,29,LAD,NL,75,212,28,43,12,1,5,25,23,3,56,5,0,2,8,3,0,0.203,0.293,0.34,0.633,*2H/4
AdamHaseley,,haselad01,242,51,0.4,1.3,-5,1.8,-0.535,2019,23,PHI,NL,67,222,30,59,14,0,5,26,14,1,60,5,1,0,7,4,0,0.266,0.324,0.396,0.72,*879/H
AddisonRussell,,russead02,241,39,0.1,0.4,-7,0.2,-0.67,2019,25,CHC,NL,82,215,25,51,4,1,9,23,20,2,58,3,1,2,7,2,0,0.237,0.308,0.391,0.699,*46/H
GordonBeckham,,beckhgo01,240,38,-0.1,-0.8,-11,-1,-2.324,2019,32,DET,AL,83,223,29,48,13,2,6,15,13,0,68,4,0,0,6,3,1,0.215,0.271,0.372,0.643,4H6D/53
AustinRomine,,rominau01,240,56,0.8,0.3,-1,0.7,0.872,2019,30,NYY,AL,72,228,29,64,12,0,8,35,10,0,50,0,1,1,7,1,1,0.281,0.31,0.439,0.748,*2/H1
MatthewJoyce,,joycema01,238,48,1.3,-0.8,7,0.7,0.763,2019,34,ATL,NL,129,200,32,59,10,0,7,23,38,0,45,0,0,0,3,0,0,0.295,0.408,0.45,0.858,*H9/D7
DanielRobertson,,roberda10,237,40,-0.1,0,-10,-0.3,-0.582,2019,25,TBR,AL,74,207,23,44,9,1,2,19,24,0,59,6,0,0,10,2,2,0.213,0.312,0.295,0.607,*546/H1
EhireAdrianza,,adriaeh01,236,51,1.2,-0.3,1,0.8,0.274,2019,29,MIN,AL,83,202,34,55,8,3,5,22,20,1,40,6,2,4,2,0,2,0.272,0.349,0.416,0.765,653H/4971
CurtCasali,,casalcu01,236,48,0.8,0.8,-3,1.2,-0.424,2019,30,CIN,NL,84,207,24,52,9,0,8,32,25,1,59,1,0,3,1,0,0,0.251,0.331,0.411,0.741,*2H/3D
GuillermoHeredia,,heredgu01,231,46,0,0.3,-6,0.3,-0.756,2019,28,TBR,AL,89,204,31,46,13,0,5,20,18,0,60,6,2,1,4,2,2,0.225,0.306,0.363,0.668,89H7/D
EnderInciarte,,inciaen01,230,49,0.7,0,-3,0.6,0.865,2019,28,ATL,NL,65,199,30,49,11,2,5,24,26,2,41,4,0,1,1,7,1,0.246,0.343,0.397,0.74,*8/H
KeonBroxton,,broxtke01,228,34,-1.1,0.4,-18,-0.7,-2.375,2019,29,TOT,ML,100,204,24,34,4,0,6,16,20,0,104,1,1,2,5,10,6,0.167,0.242,0.275,0.517,*87H/9D
JakeCave,,caveja01,228,45,1,-0.3,4,0.8,-0.232,2019,26,MIN,AL,72,198,28,51,11,2,8,25,21,0,71,8,0,1,5,0,0,0.258,0.351,0.455,0.805,*987/HD
DonovanSolano,,solando01,228,46,1.6,0,5,1.4,1.182,2019,31,SFG,NL,81,215,27,71,13,1,4,23,10,0,49,1,0,2,4,0,1,0.33,0.36,0.456,0.815,4H6/5D
JakeLamb,,lambja01,226,50,0.1,0,-6,0.2,1.073,2019,28,ARI,NL,78,187,26,36,8,2,6,30,32,1,55,5,0,2,4,1,0,0.193,0.323,0.353,0.676,53H/D
AristidesAquino,,aquinar01,225,59,1.1,0.1,6,1.4,0.036,2019,25,CIN,NL,56,205,31,53,8,0,19,47,16,2,60,2,0,2,5,7,0,0.259,0.316,0.576,0.891,*9/H3
GraysonGreiner,,greingr01,224,32,-0.5,0.2,-17,-0.7,-1.879,2019,26,DET,AL,58,208,18,42,5,1,5,19,13,0,70,1,1,1,5,0,0,0.202,0.251,0.308,0.559,*2
IsiahKiner-Falefa,,kineris01,222,43,-0.2,0.4,-13,-0.1,-0.544,2019,24,TEX,AL,65,202,23,48,12,1,1,21,14,0,49,4,1,1,9,3,0,0.238,0.299,0.322,0.62,*25/HD
AdeinyHechavarria,,hechaad01,221,58,1,0.2,-2,0.9,1.617,2019,30,TOT,NL,84,203,34,49,12,1,9,33,14,0,48,3,0,1,3,3,1,0.241,0.299,0.443,0.742,46H/5D
MikeFreeman,,freemmi01,213,47,1,0.4,0,1.2,-0.263,2019,31,CLE,AL,75,177,27,49,8,0,4,24,22,0,61,4,6,4,2,1,2,0.277,0.362,0.39,0.752,4H5/67D1
BoBichette,,bichebo01,212,42,1.8,0.6,13,2.3,0.298,2019,21,TOR,AL,46,196,32,61,18,0,11,21,14,0,50,1,0,1,2,4,4,0.311,0.358,0.571,0.93,*6/D
KevanSmith,,smithke04,211,36,0.7,0.2,-3,0.6,-1.022,2019,31,LAA,AL,67,191,21,48,12,0,5,20,16,0,37,3,0,1,8,2,0,0.251,0.318,0.393,0.71,*2/HD
IldemaroVargas,,vargail01,211,43,0.4,0.4,-6,0.7,-1.018,2019,27,ARI,NL,92,201,25,54,9,1,6,24,9,0,24,0,0,1,6,1,0,0.269,0.299,0.413,0.712,*4H5/679
JacobStallings,,stallja01,210,33,0.5,1.4,-4,1.5,-1.247,2019,29,PIT,NL,71,191,26,50,5,0,6,13,16,5,40,2,1,0,3,0,0,0.262,0.325,0.382,0.708,*2H/1
WilliansAstudillo,,astudwi01,204,45,0,0.1,-6,0.1,-0.144,2019,27,MIN,AL,58,190,28,51,9,0,4,21,5,0,8,5,0,4,6,0,0,0.268,0.299,0.379,0.678,235/H974D
AlexAvila,,avilaal01,201,37,0.7,1,1,1.4,-1.015,2019,32,ARI,NL,63,164,22,34,8,0,9,24,36,7,68,1,0,0,8,1,0,0.207,0.353,0.421,0.774,*2/H1
IsanDiaz,,diazis01,201,35,-0.6,0,-13,-0.8,-0.252,2019,23,MIA,NL,49,179,17,31,5,2,5,23,19,0,59,2,0,1,2,0,3,0.173,0.259,0.307,0.566,*4/H
TyFrance,,francty01,201,37,0.1,-0.4,-5,-0.3,-0.566,2019,24,SDP,NL,69,184,20,43,8,1,7,24,9,0,49,7,0,1,8,0,2,0.234,0.294,0.402,0.696,*5H4/13
KendrysMorales,,moralke01,201,26,-0.9,-0.5,-10,-1,-0.871,2019,36,TOT,AL,53,170,16,33,2,1,2,12,26,0,26,4,0,1,6,0,0,0.194,0.313,0.253,0.566,*3D/H1
ChanceSisco,,siscoch01,198,41,0.7,-0.3,-1,0,-0.839,2019,24,BAL,AL,59,167,29,35,7,0,8,20,22,0,61,9,0,0,5,0,1,0.21,0.333,0.395,0.729,*2/HD3
KyleFarmer,,farmeky01,197,40,0.2,0.3,-8,0.4,-1.118,2019,28,CIN,NL,97,183,22,42,6,0,9,27,10,1,59,3,0,1,1,4,1,0.23,0.279,0.41,0.689,4H325/61D
DominicSmith,,smithdo02,197,49,0.9,-0.6,9,0.7,0.088,2019,24,NYM,NL,89,177,35,50,10,0,11,25,19,0,44,1,0,0,5,1,2,0.282,0.355,0.525,0.881,H37/9
BubbaStarling,,starlbu01,197,34,-0.7,-0.2,-14,-0.8,-2.072,2019,26,KCR,AL,56,186,26,40,7,0,4,12,9,0,56,1,1,0,4,2,0,0.215,0.255,0.317,0.572,*89/7H
ChrisOwings,,owingch01,196,24,-1.3,0.5,-23,-0.9,-1.926,2019,27,TOT,AL,66,180,13,25,6,1,3,14,14,0,78,2,0,0,2,5,2,0.139,0.209,0.233,0.443,4H56/8971D
WillSmith,,smithwi05,196,57,1.7,0.4,9,1.7,0.95,2019,24,LAD,NL,54,170,30,43,9,0,15,42,18,1,52,5,0,3,3,2,0,0.253,0.337,0.571,0.907,*2/HD
DanielDescalso,,descada01,194,33,-0.9,-0.1,-16,-1.1,-0.339,2019,32,CHC,NL,82,168,20,29,5,1,2,15,23,0,57,0,1,1,3,2,1,0.173,0.271,0.25,0.521,*4H/5D31
AustinSlater,,slateau01,192,36,0.7,-0.3,0,0.6,0.215,2019,26,SFG,NL,68,168,20,40,9,3,5,21,22,1,59,2,0,0,1,1,0,0.238,0.333,0.417,0.75,*9H/374
SandyLeon,,leonsa01,191,28,-0.2,0,-15,-0.6,-0.993,2019,30,BOS,AL,65,172,14,33,3,0,5,19,13,0,47,1,4,1,0,0,0,0.192,0.251,0.297,0.548,*2/3HD
AlexDickerson,,dickeal01,190,51,0.7,-0.2,4,0.7,0.354,2019,29,TOT,NL,68,174,29,48,13,3,6,28,13,1,42,2,0,1,5,1,1,0.276,0.332,0.489,0.82,*7H/9
RyanZimmerman,,zimmery01,190,41,0,0,-4,0.2,-0.889,2019,34,WSN,NL,52,171,20,44,9,0,6,27,17,0,39,0,0,2,4,0,0,0.257,0.321,0.415,0.736,*3/HD
AustinDean,,deanau01,189,32,-0.4,-1,-7,-1.2,-0.753,2019,25,MIA,NL,64,178,17,40,14,0,6,21,9,1,47,0,1,1,5,0,2,0.225,0.261,0.404,0.665,*7H/39
JoeyRickard,,rickajo01,189,21,0.2,0.2,-5,0.5,-0.564,2019,28,TOT,ML,68,168,14,38,9,2,3,10,18,1,50,3,0,0,1,4,2,0.226,0.312,0.357,0.669,798H/D
RyonHealy,,healyry01,187,43,0.5,-0.4,1,0,-0.754,2019,27,SEA,AL,47,169,24,40,16,0,7,26,13,0,40,1,0,4,1,0,0,0.237,0.289,0.456,0.744,*53
TravisDemeritte,,demertr01,186,31,-0.4,-1,-9,-1.2,-0.847,2019,24,DET,AL,48,169,24,38,7,2,3,10,14,0,63,1,1,1,3,3,0,0.225,0.286,0.343,0.63,*9/H
DavidFreese,,freesda01,186,53,1.5,-0.3,15,1.5,1.644,2019,36,LAD,NL,79,162,35,51,13,0,11,29,23,0,44,1,0,0,7,0,0,0.315,0.403,0.599,1.002,*3H/D5
JungHoKang,,kangju01,185,29,-0.1,-0.4,-11,-0.7,0.061,2019,32,PIT,NL,65,172,15,29,7,1,10,24,11,0,60,1,0,1,4,0,0,0.169,0.222,0.395,0.617,*5H6
TrentGrisham,,grishtr01,183,42,0.2,0.3,-2,0.6,-0.287,2019,22,MIL,NL,51,156,24,36,6,2,6,24,20,0,48,4,0,3,3,1,0,0.231,0.328,0.41,0.738,879H
MattWieters,,wietema01,183,31,0.2,0.5,-6,0.5,-0.413,2019,33,STL,NL,67,168,15,36,4,0,11,27,12,0,47,1,0,2,3,1,1,0.214,0.268,0.435,0.702,*2H
JonJay,,jayjo02,182,21,-0.1,-0.9,-7,-0.8,-0.717,2019,34,CHW,AL,47,165,12,44,8,0,0,9,8,0,30,3,5,1,1,0,0,0.267,0.311,0.315,0.626,*97/HD
YairoMunoz,,munozya01,181,31,-0.1,-0.4,-8,-0.6,-0.056,2019,24,STL,NL,88,172,20,46,7,1,2,13,7,0,37,1,0,1,5,8,3,0.267,0.298,0.355,0.653,H5697/84
TylerAustin,,austity01,179,45,0.3,-0.2,-3,0.4,0.4,2019,27,TOT,ML,89,154,30,29,5,1,9,24,24,1,67,0,0,1,2,2,0,0.188,0.296,0.409,0.705,*H37/9D
MannyPina,,pinama01,179,28,0.4,0.6,-3,0.8,-1.393,2019,32,MIL,NL,76,158,10,36,8,0,7,25,16,1,50,4,0,1,1,0,0,0.228,0.313,0.411,0.724,*2H/5
BenZobrist,,zobribe01,176,40,-0.1,-0.2,-4,-0.3,0.384,2019,38,CHC,NL,47,150,24,39,5,0,1,17,23,0,24,1,0,2,6,0,0,0.26,0.358,0.313,0.671,*49/7H61D
EduardoNunez,,nunezed02,174,31,-0.7,-0.9,-15,-1.6,-2.338,2019,32,BOS,AL,60,167,13,38,7,0,2,20,4,0,27,0,1,2,6,5,1,0.228,0.243,0.305,0.548,*4HD/561
KevinPlawecki,,plaweke01,174,27,0.1,0.1,-8,-0.1,-1.282,2019,28,CLE,AL,59,158,13,35,10,0,3,17,12,0,31,3,0,1,4,0,1,0.222,0.287,0.342,0.629,*2/H13D
JustinBour,,bourju01,170,36,-0.6,-0.1,-8,-0.4,-0.884,2019,31,LAA,AL,52,151,18,26,5,0,8,26,17,0,52,1,0,1,7,0,0,0.172,0.259,0.364,0.623,*3H/D
NateLowe,,lowena01,170,36,0.6,-0.4,2,0.4,0.193,2019,23,TBR,AL,50,152,24,40,8,0,7,19,13,0,50,2,0,2,4,0,0,0.263,0.325,0.454,0.779,3DH/5
BradMiller,,millebr02,170,38,1.2,0.3,5,1.5,0.121,2019,29,TOT,ML,79,154,26,40,6,1,13,25,15,0,45,1,0,0,2,2,0,0.26,0.329,0.565,0.894,H574/69
MattDuffy,,duffyma01,169,23,0.3,-0.1,-3,0.1,-0.104,2019,28,TBR,AL,46,147,12,37,8,0,1,12,19,0,29,2,0,1,4,0,1,0.252,0.343,0.327,0.67,*5/6
ShedLong,,longsh01,168,31,0.8,-0.9,3,-0.1,-1.142,2019,23,SEA,AL,42,152,21,40,12,1,5,15,16,0,40,0,0,0,1,3,3,0.263,0.333,0.454,0.787,*47/HD5
DerekFisher,,fishede01,167,33,-0.2,-0.1,-6,-0.1,-0.179,2019,25,TOT,AL,57,146,23,27,4,1,7,17,21,0,57,0,0,0,3,5,1,0.185,0.287,0.37,0.657,*7H/9D8
GregoryPolanco,,polangr01,167,34,-0.1,-0.7,-3,-0.6,0.054,2019,27,PIT,NL,42,153,23,37,8,1,6,17,12,1,49,1,0,0,4,3,1,0.242,0.301,0.425,0.726,*9/HD
CarlosGonzalez,,gonzaca01,166,28,-0.8,0.1,-11,-0.5,-1.45,2019,33,TOT,ML,45,145,21,29,3,0,3,10,18,1,52,1,0,2,3,0,3,0.2,0.289,0.283,0.572,79/DH
ChrisIannetta,,iannech01,164,35,-0.1,-0.2,-6,-0.5,-0.737,2019,36,COL,NL,52,144,20,32,10,0,6,21,18,3,54,1,0,1,9,0,0,0.222,0.311,0.417,0.728,*2H/D
MattThaiss,,thaisma01,164,32,0.1,0.4,-3,0.5,-0.415,2019,24,LAA,AL,53,147,17,31,7,0,8,23,17,0,52,0,0,0,4,0,0,0.211,0.293,0.422,0.714,*53/H
MikeFord,,fordmi01,163,43,1,-0.2,8,1.1,1.159,2019,26,NYY,AL,50,143,30,37,7,0,12,25,17,2,28,3,0,0,0,0,0,0.259,0.35,0.559,0.909,*3DH/1
RyanGoins,,goinsry01,163,21,0.1,-0.1,-3,-0.1,-0.459,2019,31,CHW,AL,52,144,13,36,6,1,2,10,17,1,44,1,1,0,7,0,1,0.25,0.333,0.347,0.681,56H/937D
MarkReynolds,,reynoma01,162,29,-1,-0.2,-11,-1.1,-0.11,2019,35,COL,NL,78,135,13,23,7,0,4,20,22,0,57,2,0,3,3,2,0,0.17,0.29,0.311,0.601,*H3/1D
FranciscoCervelli,,cervefr01,160,24,0.1,0.5,-6,0.3,-0.554,2019,33,TOT,NL,48,141,15,30,8,1,3,12,13,0,41,5,1,0,7,1,0,0.213,0.302,0.348,0.649,*2/H3D
AndrewKnapp,,knappan01,160,18,0,0.3,-6,0.1,-1.601,2019,27,PHI,NL,74,136,12,29,9,0,2,8,18,2,51,3,3,0,2,0,0,0.213,0.318,0.324,0.642,*2H/3
ColeTucker,,tuckeco01,159,27,0.1,0.4,-8,0.2,-0.268,2019,22,PIT,NL,56,147,16,31,10,3,2,13,10,1,40,1,1,0,2,0,0,0.211,0.266,0.361,0.626,*6H
PabloReyes,,reyespa01,157,35,-0.5,-0.7,-9,-1,-0.298,2019,25,PIT,NL,71,143,18,29,7,2,2,19,13,0,36,1,0,0,0,1,1,0.203,0.274,0.322,0.596,H798/465
JoshRojas,,rojasjo01,157,31,-0.3,0.1,-7,-0.1,-0.963,2019,25,ARI,NL,41,138,17,30,7,0,2,16,18,0,41,1,0,0,3,4,2,0.217,0.312,0.312,0.624,*7/9H4
JoseRondon,,rondojo02,157,16,-0.3,-0.3,-11,-0.8,-1.427,2019,25,TOT,AL,56,143,10,28,3,0,3,9,11,0,38,2,1,0,4,0,0,0.196,0.263,0.28,0.543,465H/D731
CharlieTilson,,tilsoch01,157,27,-0.3,-0.6,-9,-0.8,0.083,2019,26,CHW,AL,54,144,16,33,5,0,1,12,10,1,38,3,0,0,1,4,0,0.229,0.293,0.285,0.578,*978/H
SamTravis,,travisa01,157,27,-0.6,-0.5,-7,-0.7,-0.574,2019,25,BOS,AL,59,144,17,31,4,1,6,16,11,2,36,1,0,1,6,2,0,0.215,0.274,0.382,0.656,37H/D9
ErikGonzalez,,gonzaer01,156,20,-0.1,0.7,-7,0.5,-1.209,2019,27,PIT,NL,53,142,15,36,4,1,1,6,9,3,37,1,3,1,5,4,1,0.254,0.301,0.317,0.618,65/H78
IanHapp,,happia01,156,44,1,0,5,1,1.024,2019,24,CHC,NL,58,140,25,37,7,1,11,30,15,0,39,0,0,1,1,2,0,0.264,0.333,0.564,0.898,H784/953
MarcoHernandez,,hernama02,155,27,0,0.1,-9,-0.1,-0.746,2019,26,BOS,AL,61,148,18,37,7,0,2,11,3,0,42,3,1,0,1,1,2,0.25,0.279,0.338,0.617,*4H/D6
TylerO'Neill,,oneilty01,151,29,0.3,-0.2,-3,0.2,-0.319,2019,24,STL,NL,60,141,18,37,6,0,5,16,10,0,53,0,0,0,3,1,0,0.262,0.311,0.411,0.723,*7H/98
MeibrysViloria,,vilorme01,148,21,-0.4,0.5,-10,-0.1,-0.641,2019,22,KCR,AL,42,133,7,28,7,0,1,15,10,0,44,0,1,4,4,0,1,0.211,0.259,0.286,0.544,*2/HD
JoshHarrison,,harrijo05,147,17,-1,0.1,-15,-0.9,-1.739,2019,31,DET,AL,36,137,10,24,7,1,1,8,6,0,27,2,0,2,0,4,2,0.175,0.218,0.263,0.48,*4/HD
CesarPuello,,puellce01,147,28,0.6,0.6,0,1.2,0.355,2019,28,TOT,ML,44,125,14,31,5,0,4,18,10,1,38,11,1,0,2,0,0,0.248,0.356,0.384,0.74,879/H
MaxStassi,,stassma01,147,11,-1.3,0,-19,-1.5,-1.598,2019,28,TOT,AL,51,132,7,18,1,0,1,5,12,0,49,1,0,2,3,0,0,0.136,0.211,0.167,0.378,*2/3H1D
CharlieCulberson,,culbech01,144,29,0,-0.3,-4,0,-1.194,2019,30,ATL,NL,108,135,14,35,5,2,5,20,6,0,44,1,1,1,5,0,1,0.259,0.294,0.437,0.731,*H793/615
WilmerDifo,,difowi01,144,21,-0.4,-0.5,-8,-1.1,-0.851,2019,27,WSN,NL,43,131,15,33,2,0,2,8,12,3,29,0,1,0,2,0,1,0.252,0.315,0.313,0.628,*6/5H4
TomasNido,,nidoto01,144,19,-0.7,0.1,-11,-0.8,-0.951,2019,25,NYM,NL,50,136,9,26,5,0,4,14,7,2,37,0,1,0,4,0,0,0.191,0.231,0.316,0.547,*2/H
MacWilliamson,,willima11,144,26,-0.9,0.3,-11,-0.5,-1.684,2019,28,TOT,ML,40,128,13,20,1,0,4,17,14,0,44,2,0,0,3,2,1,0.156,0.25,0.258,0.508,*7/H9D
MikeBrosseau,,brossmi01,142,27,0.6,0,1,0.6,0.502,2019,25,TBR,AL,50,132,17,36,7,0,6,16,7,0,39,2,1,0,3,1,0,0.273,0.319,0.462,0.781,*45H/9713D
CamGallagher,,gallaca01,142,23,0.2,0.2,-4,0.2,-0.763,2019,26,KCR,AL,45,126,14,30,7,0,3,12,11,0,28,3,1,1,3,0,1,0.238,0.312,0.365,0.677,*2/H
DJStewart,,stewadj01,142,26,-0.1,-0.5,-2,-0.4,-0.511,2019,25,BAL,AL,44,126,15,30,6,0,4,15,14,1,26,1,0,1,3,1,2,0.238,0.317,0.381,0.698,*97/HD
ScooterGennett,,gennesc01,139,24,-0.6,-0.4,-10,-1,-0.981,2019,29,TOT,NL,42,133,15,30,7,0,2,11,2,0,41,2,0,2,1,0,0,0.226,0.245,0.323,0.568,*4/H
OdubelHerrera,,herreod01,139,27,-0.1,-0.3,-7,-0.5,-0.307,2019,27,PHI,NL,39,126,12,28,10,1,1,16,11,0,33,1,0,1,0,2,2,0.222,0.288,0.341,0.629,*8/H
JTRiddle,,riddljt01,139,21,-0.4,-0.1,-9,-0.6,-1.227,2019,27,MIA,NL,51,132,15,25,6,0,6,12,5,1,42,2,0,0,3,0,0,0.189,0.23,0.371,0.601,*8H6
SeanRodriguez,,rodrise01,139,32,0.4,0.2,-1,0.6,0.096,2019,34,PHI,NL,76,112,24,25,5,0,4,12,19,0,41,3,4,1,2,1,1,0.223,0.348,0.375,0.723,H56/794813D
HumbertoArteaga,,arteahu01,135,15,-0.2,-0.4,-12,-0.8,-1.079,2019,25,KCR,AL,41,122,11,24,4,0,0,4,8,0,28,2,3,0,2,1,1,0.197,0.258,0.23,0.487,*6/H415
NickSolak,,solakni01,135,31,0.9,-0.3,4,0.7,1.374,2019,24,TEX,AL,33,116,19,34,6,1,5,17,15,1,29,4,0,0,2,2,0,0.293,0.393,0.491,0.884,*D5/4H
AdamDuvall,,duvalad01,130,26,0.6,-0.1,3,0.6,-0.194,2019,30,ATL,NL,41,120,17,32,4,1,10,19,7,0,39,2,0,1,0,0,0,0.267,0.315,0.567,0.882,*7H/9
BryanHoladay,,holadbr01,129,20,0.6,0,2,0.4,-0.905,2019,31,MIA,NL,43,115,12,32,6,0,4,12,11,2,21,1,1,1,5,0,1,0.278,0.344,0.435,0.779,*2/H1
LukeMaile,,mailelu01,129,16,-0.7,0.4,-14,-0.5,-1.21,2019,28,TOR,AL,44,119,9,18,2,1,2,9,8,0,33,0,2,0,1,1,0,0.151,0.205,0.235,0.44,*2/1
TimLopes,,lopesti01,128,22,0.5,0.3,1,0.9,-0.004,2019,25,SEA,AL,41,111,11,30,7,0,1,12,15,0,29,1,0,1,1,6,3,0.27,0.359,0.36,0.72,*7/H94D
JakeRogers,,rogerja03,128,15,-0.8,0.5,-13,-0.5,-1.529,2019,24,DET,AL,35,112,11,14,3,0,4,8,13,0,51,1,2,0,3,0,0,0.125,0.222,0.259,0.481,*2/D
MylesStraw,,strawmy01,128,34,0.6,0.5,-1,1,-0.312,2019,24,HOU,AL,56,108,27,29,4,2,0,7,19,0,24,0,1,0,2,8,1,0.269,0.378,0.343,0.721,6H8/74D9
JoseTrevino,,trevijo01,126,29,0,0.3,-6,0,-0.551,2019,26,TEX,AL,40,120,18,31,9,0,2,13,3,0,27,0,1,2,6,0,0,0.258,0.272,0.383,0.655,*2/H
RomanQuinn,,quinnro01,122,25,0,-0.1,-5,-0.1,-0.146,2019,26,PHI,NL,44,108,18,23,3,1,4,11,12,0,34,1,1,0,2,8,0,0.213,0.298,0.37,0.668,*8H/1
LucasDuda,,dudalu01,119,18,-0.7,-0.5,-8,-1,-0.482,2019,33,KCR,AL,39,105,7,18,4,0,4,15,11,1,32,1,0,2,3,0,0,0.171,0.252,0.324,0.576,3D/H
RosellHerrera,,herrero02,119,19,-0.2,-0.8,-6,-0.9,-0.424,2019,26,MIA,NL,63,105,10,21,6,0,2,11,11,1,27,2,1,0,2,4,1,0.2,0.288,0.314,0.602,*H897/645
NickWilliams,,willini01,112,12,-1,-0.3,-14,-1.2,-1.45,2019,25,PHI,NL,67,106,9,16,4,0,2,5,4,0,43,2,0,0,1,0,0,0.151,0.196,0.245,0.442,*H7/9
MauricioDubon,,dubonma01,111,17,0.5,0.1,-1,0.5,-0.081,2019,24,TOT,NL,30,106,12,29,5,0,4,9,5,0,20,0,0,0,3,3,1,0.274,0.306,0.434,0.74,*46/H
WilliCastro,,castrwi01,110,17,-0.2,-0.1,-5,-0.5,-1.023,2019,22,DET,AL,30,100,10,23,6,1,1,8,6,0,34,2,1,1,4,0,1,0.23,0.284,0.34,0.624,*6/H
NickMartini,,martini02,109,14,0.1,-0.3,-3,-0.2,-0.638,2019,29,TOT,ML,32,93,8,21,4,1,1,7,14,0,26,1,0,1,0,0,0,0.226,0.33,0.323,0.653,*7/H1D
JacePeterson,,peterja01,108,23,-0.2,0.3,-6,0.1,-0.247,2019,29,BAL,AL,29,100,14,22,3,1,2,11,6,0,24,1,0,1,1,4,1,0.22,0.269,0.33,0.599,*7/5H49
TylerWade,,wadety01,108,25,0.3,-0.1,-2,0.3,-0.05,2019,24,NYY,AL,43,94,16,23,3,1,2,11,11,0,28,1,2,0,0,7,0,0.245,0.33,0.362,0.692,47/H5698D
ZackCozart,,cozarza01,107,11,-1.2,0.2,-16,-1.1,-1.55,2019,33,LAA,AL,38,97,4,12,2,0,0,7,5,0,16,2,0,3,2,0,0,0.124,0.178,0.144,0.322,*5/6H4
YonathanDaza,,dazayo01,105,10,-0.8,0,-12,-0.8,-1.05,2019,25,COL,NL,44,97,7,20,1,1,0,3,7,0,21,0,0,1,2,1,0,0.206,0.257,0.237,0.494,*8H/79
ReeseMcGuire,,mcguire01,105,20,1,0.2,4,1,-0.082,2019,24,TOR,AL,30,97,14,29,7,0,5,11,7,0,18,0,0,0,1,0,0,0.299,0.346,0.526,0.872,*2/H
ZackCollins,,colliza01,102,19,-0.1,-0.2,-3,-0.2,-0.118,2019,24,CHW,AL,27,86,10,16,3,1,3,12,14,1,39,1,0,0,1,0,0,0.186,0.307,0.349,0.656,*D2/H3
CorySpangenberg,,spangco01,102,19,0,0.6,-6,0.5,-0.121,2019,28,MIL,NL,32,95,11,22,2,2,2,10,6,1,36,0,1,0,1,3,0,0.232,0.277,0.358,0.635,*4/567H
DustinGarneau,,garnedu01,101,25,0.7,0.4,1,0.9,0.207,2019,31,TOT,AL,35,86,14,21,5,0,3,14,10,0,22,4,0,0,1,0,0,0.244,0.35,0.407,0.757,*2/H3
JeddGyorko,,gyorkje01,101,13,-0.6,0.1,-9,-0.4,0.434,2019,30,TOT,NL,62,92,6,16,1,0,2,9,9,0,24,0,0,0,3,2,0,0.174,0.248,0.25,0.498,*H5/341D
CarlosGomez,,gomezca01,99,17,-0.2,-0.3,-4,-0.4,-0.032,2019,33,NYM,NL,34,86,10,17,3,0,3,10,7,0,30,3,2,1,3,4,1,0.198,0.278,0.337,0.616,*87/9H
StevePearce,,pearcst01,99,17,-0.7,0,-9,-0.6,-1.224,2019,36,BOS,AL,29,89,9,16,4,0,1,9,7,0,31,1,0,1,5,0,0,0.18,0.245,0.258,0.503,*3/D7H
BlakeSwihart,,swihabl01,99,22,-0.6,-0.4,-9,-0.9,-0.759,2019,27,TOT,ML,43,92,13,15,1,0,4,13,6,0,36,1,0,0,2,0,0,0.163,0.222,0.304,0.527,H7/923
MichaelATaylor,,taylomi02,97,12,0,0,-4,0,-0.632,2019,28,WSN,NL,53,88,10,22,7,0,1,3,7,0,34,0,2,0,0,6,0,0.25,0.305,0.364,0.669,H8/9
RafaelOrtega,,ortegra01,96,15,-0.5,0.1,-7,-0.3,-0.144,2019,28,ATL,NL,34,88,7,18,3,0,2,10,8,0,22,0,0,0,2,3,0,0.205,0.271,0.307,0.578,*7H/98
JonathanDavis,,davisjo05,95,12,-0.3,0,-7,-0.4,-0.47,2019,27,TOR,AL,37,83,8,15,1,0,2,6,5,0,24,5,1,1,1,3,1,0.181,0.266,0.265,0.531,*8/H9D7
ScottSchebler,,schebsc01,95,16,-0.6,0.1,-9,-0.5,-1.746,2019,28,CIN,NL,30,81,11,10,2,0,2,7,14,0,27,0,0,0,3,0,1,0.123,0.253,0.222,0.475,*8/H79
ChrisHerrmann,,herrmch01,94,16,-0.1,0,-6,-0.3,-0.315,2019,31,OAK,AL,30,84,9,17,3,0,1,8,9,0,29,0,1,0,4,0,0,0.202,0.28,0.274,0.553,*2/H7
DanielPalka,,palkada01,93,6,-1.1,-0.5,-12,-1.4,-1.548,2019,27,CHW,AL,30,84,4,9,0,0,2,4,8,0,35,1,0,0,3,0,1,0.107,0.194,0.179,0.372,*9/HD3
AbrahamToro,,toroab01,89,20,0.1,0.2,-3,0.2,-0.383,2019,22,HOU,AL,25,78,13,17,3,2,2,9,9,0,19,1,0,1,2,1,1,0.218,0.303,0.385,0.688,*5/H3
WilfredoTovar,,tovarwi01,88,10,-0.2,0.4,-8,0,-0.502,2019,27,LAA,AL,31,83,5,16,5,0,0,5,5,0,15,0,0,0,0,0,0,0.193,0.239,0.253,0.492,*6/H
SamHilliard,,hillisa01,87,19,0.8,-0.2,4,0.6,0.107,2019,25,COL,NL,27,77,13,21,4,2,7,13,9,0,23,1,0,0,1,2,0,0.273,0.356,0.649,1.006,*8/9H7
JaredWalsh,,walshja01,87,10,-0.4,0,-4,-0.3,0.147,2019,25,LAA,AL,31,79,6,16,5,1,1,5,6,1,35,2,0,0,0,0,0,0.203,0.276,0.329,0.605,*3/H1
PatValaika,,valaipa01,86,14,-0.5,-0.1,-8,-0.6,-0.156,2019,26,COL,NL,40,79,11,15,5,1,1,4,7,0,34,0,0,0,1,0,0,0.19,0.256,0.316,0.572,H4/653D
ScottHeineman,,heinesc01,85,13,-0.1,0,-3,-0.1,-0.9,2019,26,TEX,AL,25,75,8,16,6,0,2,7,9,0,20,1,0,0,3,1,2,0.213,0.306,0.373,0.679,/8973
YuChang,,changyu01,84,13,-0.3,0.1,-6,-0.3,-0.496,2019,23,CLE,AL,28,73,8,13,2,1,1,6,11,0,22,0,0,0,4,0,0,0.178,0.286,0.274,0.56,*5/6H
SethBrown,,brownse01,83,24,0.3,0.4,2,0.8,0.627,2019,26,OAK,AL,26,75,11,22,8,2,0,13,7,0,23,1,0,0,2,1,0,0.293,0.361,0.453,0.815,*7/H3
TimFederowicz,,federti01,83,9,-0.3,0,-7,-0.5,-0.91,2019,31,TEX,AL,29,75,6,12,2,0,4,7,5,0,31,0,3,0,1,1,0,0.16,0.213,0.347,0.559,*2/1
RyanMcBroom,,mcbrory01,83,14,0.1,-0.2,-1,0,-0.14,2019,27,KCR,AL,23,75,8,22,5,0,0,6,7,0,25,1,0,0,3,0,0,0.293,0.361,0.36,0.721,*9/3H7
NicoHoerner,,hoernni01,82,27,0.2,0,-2,0.1,-0.453,2019,22,CHC,NL,20,78,13,22,1,1,3,17,3,1,11,0,0,1,3,0,0,0.282,0.305,0.436,0.741,*6/H84
GavinLux,,luxga01,82,19,0.2,0.4,-2,0.6,-0.074,2019,21,LAD,NL,23,75,12,18,4,1,2,9,7,0,24,0,0,0,0,2,0,0.24,0.305,0.4,0.705,*4/HD
KristopherNegron,,negrokr01,82,18,-0.2,0.4,-4,0.3,-0.268,2019,33,TOT,ML,40,77,12,19,1,0,2,8,5,1,26,0,0,0,1,1,1,0.247,0.293,0.338,0.63,H9/87654
BrendanRodgers,,rodgebr02,81,15,-0.5,0,-9,-0.6,-0.604,2019,22,COL,NL,25,76,8,17,2,0,0,7,4,0,27,1,0,0,2,0,0,0.224,0.272,0.25,0.522,*4/6H
RobelGarcia,,garciro02,80,14,0.1,-0.1,-1,0,-0.656,2019,26,CHC,NL,31,72,8,15,2,2,5,11,7,0,35,0,0,1,2,0,0,0.208,0.275,0.5,0.775,*4H/79D
MattSkole,,skolema01,80,13,-0.5,-0.2,-6,-0.6,-0.514,2019,29,CHW,AL,27,72,7,15,2,0,0,6,7,0,31,0,0,1,0,0,0,0.208,0.275,0.236,0.511,D/3H
StephenStrasburg,,strasst01,80,13,0.2,0,-10,0.2,-1.009,2019,30,WSN,NL,33,72,4,12,1,0,1,10,3,0,25,0,5,0,0,0,0,0.167,0.2,0.222,0.422,*1/H
RichardUrena,,urenari01,80,8,0,0,-4,-0.1,-0.034,2019,23,TOR,AL,30,74,4,18,6,0,0,4,2,0,23,1,3,0,0,0,0,0.243,0.273,0.324,0.597,6/4H571
KelvinGutierrez,,gutieke01,79,14,0.1,0.3,-3,0.4,-0.682,2019,24,KCR,AL,20,73,4,19,2,1,1,11,5,0,24,0,0,1,2,1,0,0.26,0.304,0.356,0.66,*5/D
BrettPhillips,,phillbr02,79,11,-0.3,0.6,-6,0.3,-0.264,2019,25,KCR,AL,30,65,7,9,2,0,2,6,10,0,23,0,2,2,1,3,0,0.138,0.247,0.262,0.508,*8/H79D
KevinCron,,cronke01,78,22,0.1,-0.1,-1,0.1,0.054,2019,26,ARI,NL,39,71,12,15,4,0,6,16,4,0,28,2,0,1,2,0,1,0.211,0.269,0.521,0.79,*H3/D5
YangervisSolarte,,solarya01,78,15,-0.4,0,-5,-0.4,-0.541,2019,31,SFG,NL,28,73,9,15,5,0,1,7,4,1,16,0,1,0,4,0,0,0.205,0.247,0.315,0.562,4/7H65
MadisonBumgarner,,bumgama01,76,6,0.4,0,-7,0.3,-0.99,2019,29,SFG,NL,35,63,4,8,0,0,2,4,9,0,40,0,4,0,0,0,0,0.127,0.236,0.222,0.458,*1/H
AustinHays,,haysau01,75,21,0.8,0,5,0.7,0.613,2019,23,BAL,AL,21,68,12,21,6,0,4,13,7,0,13,0,0,0,0,2,0,0.309,0.373,0.574,0.947,*8/H
KyleLewis,,lewisky01,75,17,0.5,-0.2,3,0.3,0.434,2019,23,SEA,AL,18,71,10,19,5,0,6,13,3,0,29,0,0,1,0,0,0,0.268,0.293,0.592,0.885,*9/8H
CedricMullins,,mullice01,74,11,-0.6,0,-10,-0.7,-0.979,2019,24,BAL,AL,22,64,7,6,0,2,0,4,4,0,14,3,2,1,2,1,0,0.094,0.181,0.156,0.337,*8/H
AustinWynns,,wynnsau01,74,12,0,0.4,-6,0.3,-0.415,2019,28,BAL,AL,28,70,8,15,1,0,1,5,3,0,14,0,1,0,2,0,0,0.214,0.247,0.271,0.518,*2/HD
NickHundley,,hundlni01,73,8,-0.3,0.1,-5,-0.4,-1.169,2019,35,OAK,AL,31,70,5,14,3,1,2,5,2,0,18,1,0,0,7,0,1,0.2,0.233,0.357,0.59,*2/H
PatrickCorbin,,corbipa01,72,7,-0.2,0,-14,-0.2,-0.859,2019,29,WSN,NL,31,65,3,6,1,0,0,4,3,0,27,0,4,0,0,0,0,0.092,0.132,0.108,0.24,*1
GiancarloStanton,,stantmi03,72,18,0.5,-0.2,4,0.4,0.396,2019,29,NYY,AL,18,59,8,17,3,0,3,13,12,0,24,0,0,1,1,0,0,0.288,0.403,0.492,0.894,*7/D9
KyleTucker,,tuckeky01,72,22,0.4,0.3,2,0.8,0.142,2019,22,HOU,AL,22,67,15,18,6,0,4,11,4,1,20,1,0,0,1,5,0,0.269,0.319,0.537,0.857,*7*9/H3D
AustinAllen,,allenau01,71,7,-0.3,0.1,-5,-0.4,-0.624,2019,25,SDP,NL,34,65,4,14,4,0,0,3,6,3,21,0,0,0,2,0,0,0.215,0.282,0.277,0.559,*2*H/3
TylerSaladino,,saladty01,71,13,-0.7,0.3,-9,-0.4,-0.167,2019,29,MIL,NL,28,65,7,8,0,0,2,8,5,0,26,1,0,0,1,2,0,0.123,0.197,0.215,0.413,6/7H54
JacobdeGrom,,degroja01,70,8,0.6,0,-5,0.6,-0.166,2019,31,NYM,NL,31,65,4,13,2,0,2,6,4,0,19,0,1,0,0,0,0,0.2,0.246,0.323,0.569,*1/H
LuisGuillorme,,guilllu01,70,10,0.1,0.3,-1,0.4,0.208,2019,24,NYM,NL,45,61,8,15,4,0,1,3,7,0,14,0,2,0,2,0,0,0.246,0.324,0.361,0.684,*H/645D
JohnRyanMurphy,,murphjr01,70,12,0,0.3,-3,0.2,-0.396,2019,28,TOT,NL,26,63,9,11,3,0,4,7,6,0,28,0,1,0,0,0,0,0.175,0.246,0.413,0.659,*2/H1
AaronNola,,nolaaa01,70,8,0.3,0,-10,0.3,-0.303,2019,26,PHI,NL,32,59,6,7,2,0,0,2,6,0,35,0,5,0,0,0,0,0.119,0.2,0.153,0.353,*1
ThairoEstrada,,estrath01,69,21,0.4,-0.2,-1,0.1,0.377,2019,23,NYY,AL,35,64,12,16,3,0,3,12,3,0,15,1,1,0,1,4,0,0.25,0.294,0.438,0.732,4H/679D
NoahSyndergaard,,syndeno01,69,6,0,0,-11,-0.1,-1.077,2019,26,NYM,NL,30,65,6,6,1,0,2,2,3,0,47,0,1,0,1,0,0,0.092,0.132,0.2,0.332,*1
LaMonteWadeJr,,wadela01,69,13,0.1,-0.1,0,0.1,0.431,2019,25,MIN,AL,26,56,10,11,2,1,2,5,11,0,9,2,0,0,0,0,1,0.196,0.348,0.375,0.723,*8/7H93D
NickyDelmonico,,delmoni01,68,11,-0.3,-0.2,-5,-0.5,0.002,2019,26,CHW,AL,21,63,6,13,2,0,1,6,4,0,25,1,0,0,1,0,1,0.206,0.265,0.286,0.55,*7/H3
PhilGosselin,,gosseph01,68,12,-0.2,-0.2,-4,-0.4,-0.546,2019,30,PHI,NL,44,65,5,17,3,0,0,7,3,0,16,0,0,0,1,0,0,0.262,0.294,0.308,0.602,*H/765
CorbanJoseph,,josepco01,68,11,-0.4,0,-8,-0.4,-0.463,2019,30,TOT,ML,28,64,5,10,3,0,1,7,3,0,12,0,0,1,2,0,0,0.156,0.191,0.25,0.441,4H/59D
HyunJinRyu,,ryuhy01,67,5,0.3,0,-6,0.3,-0.822,2019,32,LAD,NL,28,51,3,8,1,0,1,3,4,0,23,0,12,0,0,0,0,0.157,0.218,0.235,0.453,*1/H
JesusSucre,,sucreje01,67,6,-0.1,0.1,-6,-0.1,-0.41,2019,31,BAL,AL,20,62,3,13,2,0,0,3,4,0,13,1,0,0,1,0,0,0.21,0.269,0.242,0.511,*2/H31D
AaronAltherr,,altheaa01,66,10,-0.9,-0.1,-11,-0.9,-0.686,2019,28,TOT,NL,49,61,8,5,2,0,1,3,3,0,25,1,0,1,1,0,0,0.082,0.136,0.164,0.3,*H87/91
WalkerBuehler,,buehlwa01,66,6,0,0,-11,0,-0.797,2019,24,LAD,NL,29,59,5,5,0,0,1,2,4,0,33,0,3,0,0,0,0,0.085,0.143,0.136,0.278,*1
LuisCastillo,,castilu02,66,3,-0.3,0,-14,-0.4,-1.427,2019,26,CIN,NL,31,62,3,6,1,0,0,0,0,0,32,0,4,0,1,0,0,0.097,0.097,0.113,0.21,*1
JackFlaherty,,flaheja01,66,8,0.1,0,-6,0.1,-0.977,2019,23,STL,NL,35,54,4,10,3,0,0,4,2,0,17,0,9,1,0,1,1,0.185,0.211,0.241,0.451,*1/H
YadielRivera,,riverya01,66,11,-0.2,-0.2,-6,-0.5,-0.511,2019,27,MIA,NL,34,60,8,11,2,0,0,3,6,0,20,0,0,0,1,2,0,0.183,0.258,0.217,0.474,H/653948
MaxFried,,friedma01,65,15,0.3,0,-5,0.3,-0.652,2019,25,ATL,NL,38,56,11,11,4,0,0,4,5,0,16,0,4,0,0,0,0,0.196,0.262,0.268,0.53,*1/H
ClaytonKershaw,,kershcl01,65,2,0.1,0,-10,0.1,-0.818,2019,31,LAD,NL,28,49,1,5,1,0,0,1,1,0,16,0,15,0,0,0,0,0.102,0.12,0.122,0.242,*1
JackMayfield,,mayfija01,65,11,-0.4,0.6,-7,0.1,-0.33,2019,28,HOU,AL,26,64,8,10,5,0,2,5,1,0,16,0,0,0,0,0,0,0.156,0.169,0.328,0.497,*6/4H5
NickDini,,dinini01,64,15,0.1,0.1,-3,0.1,-0.022,2019,25,KCR,AL,20,56,11,11,3,0,2,6,4,0,18,2,1,1,1,0,0,0.196,0.27,0.357,0.627,*2/H
KyleHendricks,,hendrky01,64,6,0.2,0,-9,0.1,-0.766,2019,29,CHC,NL,29,54,1,8,1,0,0,5,2,0,29,1,7,0,1,0,0,0.148,0.193,0.167,0.36,*1/H
ZackWheeler,,wheelza01,64,10,0.6,0,-4,0.6,-0.276,2019,29,NYM,NL,28,57,5,12,2,0,1,6,2,0,19,2,3,0,0,0,0,0.211,0.262,0.298,0.561,*1
SandyAlcantara,,alcansa01,63,6,-0.2,0,-12,-0.2,-0.591,2019,23,MIA,NL,31,58,2,5,1,0,0,4,1,0,46,1,3,0,0,0,0,0.086,0.117,0.103,0.22,*1
JoseQuintana,,quintjo01,63,5,-0.4,0,-12,-0.4,-1.081,2019,30,CHC,NL,31,54,2,5,1,0,0,3,0,0,27,0,9,0,1,0,0,0.093,0.093,0.111,0.204,*1
MikeSoroka,,sorokmi01,63,5,-0.1,0,-11,-0.1,-0.921,2019,21,ATL,NL,27,52,2,4,0,0,0,3,2,0,22,2,7,0,1,0,0,0.077,0.143,0.077,0.22,*1
YuDarvish,,darviyu01,62,4,-0.2,0,-12,-0.3,-0.806,2019,32,CHC,NL,30,56,1,5,0,0,0,3,2,0,31,0,3,1,1,0,0,0.089,0.119,0.089,0.208,*1
MattKemp,,kempma01,62,8,-0.6,-0.4,-7,-0.9,-0.464,2019,34,CIN,NL,20,60,4,12,2,0,1,5,1,0,19,0,0,1,2,0,0,0.2,0.21,0.283,0.493,*7/H
MilesMikolas,,mikolmi01,62,3,-0.1,0,-11,-0.1,-0.728,2019,30,STL,NL,31,59,1,8,1,0,0,2,0,0,27,0,3,0,0,0,0,0.136,0.136,0.153,0.288,*1
KentaMaeda,,maedake01,61,9,0.5,0,-4,0.5,-0.277,2019,31,LAD,NL,38,48,3,12,2,0,0,6,0,0,13,0,13,0,0,0,0,0.25,0.25,0.292,0.542,*1/H
StevenMatz,,matzst01,61,4,0.4,0,-5,0.3,-0.844,2019,28,NYM,NL,35,57,4,13,0,0,1,1,0,0,17,0,4,0,0,0,0,0.228,0.228,0.281,0.509,*1/H
JoeMusgrove,,musgrjo01,61,11,0,0,-7,0,-0.638,2019,26,PIT,NL,44,51,8,8,2,1,0,3,2,0,19,0,8,0,1,0,0,0.157,0.189,0.235,0.424,*1H
SheldonNeuse,,neusesh01,61,10,-0.1,0.4,-3,0.2,-0.272,2019,24,OAK,AL,25,56,3,14,3,0,0,7,4,0,19,0,0,1,2,0,0,0.25,0.295,0.304,0.599,*4/5D
MaxScherzer,,scherma01,61,8,0,0,-9,0,-0.725,2019,34,WSN,NL,28,55,6,10,0,0,0,2,0,0,27,0,6,0,1,2,0,0.182,0.182,0.182,0.364,*1/H
BradenBishop,,bishobr01,60,7,-0.8,0.4,-10,-0.4,-0.629,2019,25,SEA,AL,27,56,3,6,0,0,0,4,3,0,21,0,1,0,0,0,0,0.107,0.153,0.107,0.26,*8/7H9D
SonnyGray,,grayso01,60,6,0,0,-7,0,-0.656,2019,29,CIN,NL,32,46,3,7,0,1,0,3,2,0,19,0,12,0,0,0,0,0.152,0.188,0.196,0.383,*1/H
MerrillKelly,,kellyme01,60,5,-0.6,0,-14,-0.6,-1.378,2019,30,ARI,NL,30,52,3,1,0,0,0,2,2,0,25,0,6,0,2,0,0,0.019,0.056,0.019,0.075,*1
SeanMurphy,,murphse01,60,18,0.6,0.1,3,0.6,-0.396,2019,24,OAK,AL,20,53,14,13,5,0,4,8,6,0,16,1,0,0,3,0,0,0.245,0.333,0.566,0.899,*2/HD
RobbieRay,,rayro02,60,4,-0.5,0,-13,-0.6,-1.208,2019,27,ARI,NL,31,55,1,4,0,0,0,3,0,0,28,0,5,0,2,0,0,0.073,0.073,0.073,0.145,*1/H
JulioTeheran,,teherju01,60,5,-0.3,0,-12,-0.3,-1.009,2019,28,ATL,NL,33,55,1,6,1,0,0,4,0,0,24,0,4,1,0,0,0,0.109,0.107,0.127,0.234,*1/H
JonGray,,grayjo02,59,2,-0.5,0,-12,-0.5,-1.355,2019,27,COL,NL,27,47,1,3,0,0,0,1,3,0,22,0,9,0,2,0,0,0.064,0.12,0.064,0.184,*1/H
DakotaHudson,,hudsoda02,59,3,-0.3,0,-12,-0.3,-0.722,2019,24,STL,NL,30,51,1,4,0,0,0,2,0,0,24,1,7,0,1,0,0,0.078,0.096,0.078,0.175,*1
AdamWainwright,,wainwad01,59,8,0.3,0,-7,0.3,-0.583,2019,37,STL,NL,29,50,6,8,3,0,0,2,2,0,20,0,6,1,0,0,0,0.16,0.189,0.22,0.409,*1
FranklinBarreto,,barrefr02,58,9,-0.3,0.1,-8,-0.3,-0.499,2019,23,OAK,AL,23,57,6,7,2,0,2,5,1,0,23,0,0,0,0,1,0,0.123,0.138,0.263,0.401,*4/6H
TerranceGore,,gorete01,58,14,-0.1,0.2,-1,0.1,0.231,2019,28,KCR,AL,37,51,13,14,2,1,0,1,6,0,18,1,0,0,0,13,5,0.275,0.362,0.353,0.715,H9/78D
AndrewKnizner,,kniznan01,58,12,0.2,0.1,-2,0.2,0.046,2019,24,STL,NL,18,53,7,12,2,0,2,7,4,0,14,1,0,0,3,2,0,0.226,0.293,0.377,0.67,*2/H3
GermanMarquez,,marquge01,58,16,0.3,0,-5,0.3,-0.273,2019,24,COL,NL,25,48,5,11,4,1,0,11,0,0,14,0,10,0,1,0,0,0.229,0.229,0.354,0.583,*1/H
ChristianArroyo,,arroych01,57,13,0.1,0.1,-1,0.1,-0.323,2019,24,TBR,AL,16,50,8,11,2,0,2,7,5,0,18,1,1,0,0,0,0,0.22,0.304,0.38,0.684,*5/H4
AnthonyDeSclafani,,desclan01,57,1,-0.3,0,-12,-0.3,-1.001,2019,29,CIN,NL,30,55,0,6,0,0,0,1,0,0,28,0,2,0,0,0,0,0.109,0.109,0.109,0.218,*1
GorkysHernandez,,hernago01,57,7,-0.5,0,-6,-0.5,-0.389,2019,31,BOS,AL,20,49,5,7,1,2,0,2,5,0,14,0,2,1,0,1,0,0.143,0.218,0.245,0.463,/97H8D
KyleHigashioka,,higasky01,57,16,0,0.1,-2,0,-0.527,2019,29,NYY,AL,18,56,8,12,5,0,3,11,0,0,26,0,0,1,1,0,0,0.214,0.211,0.464,0.675,*2
HanleyRamirez,,ramirha01,57,10,-0.2,-0.1,-3,-0.2,0.159,2019,35,CLE,AL,16,49,4,9,1,0,2,8,8,0,17,0,0,0,2,0,0,0.184,0.298,0.327,0.625,*D/H
JBShuck,,shuckja01,57,6,-0.1,0.1,-2,0.1,0.325,2019,32,PIT,NL,27,47,4,10,0,1,0,2,8,0,10,1,1,0,0,1,1,0.213,0.339,0.255,0.595,H9/781D
AnthonyBemboom,,bemboan01,56,5,-0.5,0.2,-8,-0.5,-0.459,2019,29,TOT,AL,25,54,2,7,1,0,1,4,1,0,21,0,1,0,0,0,0,0.13,0.145,0.204,0.349,*2
JoshFuentes,,fuentjo01,56,12,-0.2,0,-5,-0.1,-0.574,2019,26,COL,NL,24,55,8,12,1,0,3,7,1,0,20,0,0,0,0,1,0,0.218,0.232,0.4,0.632,*H3/5
ZackGreinke,,greinza01,56,12,0.8,0,1,0.8,0.138,2019,35,TOT,ML,25,50,7,14,4,1,3,8,2,0,12,0,4,0,2,1,1,0.28,0.308,0.58,0.888,*1/H
EdwinRios,,riosed01,56,14,0.5,-0.1,4,0.5,-0.334,2019,25,LAD,NL,28,47,10,13,2,1,4,8,9,0,21,0,0,0,1,0,0,0.277,0.393,0.617,1.01,*H3/57D
JeffSamardzija,,samarje01,56,2,0,0,-9,0,-0.774,2019,34,SFG,NL,29,50,1,6,2,0,0,1,0,0,30,0,6,0,0,0,0,0.12,0.12,0.16,0.28,*1
AnibalSanchez,,sanchan01,56,2,-0.4,0,-11,-0.4,-0.931,2019,35,WSN,NL,27,52,1,6,0,0,0,1,0,0,24,0,4,0,3,0,0,0.115,0.115,0.115,0.231,*1
ZachDavies,,davieza02,55,6,-0.1,0,-8,-0.1,-0.691,2019,26,MIL,NL,34,52,3,8,2,0,0,3,1,0,25,0,2,0,1,0,0,0.154,0.17,0.192,0.362,*1/H
MichaelPerez,,perezmi03,55,8,0.2,0.2,-1,0.3,0.048,2019,26,TBR,AL,22,46,6,10,5,0,0,2,8,0,19,1,0,0,0,0,0,0.217,0.345,0.326,0.672,*2/3H
IsaacGalloway,,gallois01,54,7,-0.5,-0.2,-8,-0.7,-0.71,2019,29,MIA,NL,19,54,6,9,1,0,0,1,0,0,17,0,0,0,0,2,0,0.167,0.167,0.185,0.352,*8/H79
JoeyLucchesi,,lucchjo01,54,1,-0.3,0,-11,-0.4,-0.979,2019,26,SDP,NL,28,48,0,3,0,0,0,1,1,0,36,0,5,0,0,0,0,0.063,0.082,0.063,0.144,*1
ChadWallach,,wallach01,54,6,0.2,0.1,-1,0.2,0.24,2019,27,MIA,NL,19,48,4,12,3,0,1,3,6,0,12,0,0,0,0,0,0,0.25,0.333,0.375,0.708,*2/H
KyleGarlick,,garliky01,53,11,0.2,-0.1,1,0.2,-0.29,2019,27,LAD,NL,30,48,8,12,4,0,3,6,5,1,19,0,0,0,0,0,0,0.25,0.321,0.521,0.842,*H7/9
ErikKratz,,kratzer01,53,3,-0.5,0.1,-7,-0.5,-0.671,2019,39,TOT,ML,21,49,1,5,2,0,1,3,2,0,14,2,0,0,0,0,0,0.102,0.17,0.204,0.374,*2/H
JonLester,,lestejo01,53,11,0.5,0,-4,0.4,-0.229,2019,35,CHC,NL,28,48,6,9,2,0,1,6,5,0,20,0,0,0,1,0,0,0.188,0.264,0.292,0.556,*1/H
MichaelLorenzen,,lorenmi01,53,11,0.3,0,-3,0.4,0.105,2019,27,CIN,NL,100,48,6,10,2,0,1,6,5,0,17,0,0,0,1,5,2,0.208,0.283,0.313,0.596,*1H8/79
ZachEflin,,eflinza01,52,5,0.1,0,-8,0.1,-0.842,2019,25,PHI,NL,31,50,3,8,1,0,0,2,0,0,27,0,2,0,0,0,0,0.16,0.16,0.18,0.34,*1
BreyvicValera,,valerbr01,52,12,0.1,0.1,-1,0.1,0.153,2019,27,TOT,AL,17,47,7,11,2,1,1,6,4,0,7,1,0,0,1,0,0,0.234,0.308,0.383,0.691,*4/6H5
JakeArrieta,,arrieja01,50,6,0.1,0,-7,0.1,-0.607,2019,33,PHI,NL,23,45,2,7,1,0,0,4,1,0,19,0,4,0,1,0,0,0.156,0.174,0.178,0.352,*1
AlexBlandino,,blandal01,50,8,0.2,-0.1,1,0.1,0.105,2019,26,CIN,NL,23,36,6,9,1,0,1,3,10,0,14,2,0,2,1,0,0,0.25,0.42,0.361,0.781,*H4/53D
StevenBrault,,braulst01,50,9,0.7,0,0,0.7,-0.133,2019,27,PIT,NL,33,42,8,14,1,0,1,2,1,0,8,0,7,0,1,0,0,0.333,0.349,0.429,0.777,*1H
KevinKramer,,krameke01,50,10,-0.4,-0.2,-4,-0.5,-0.237,2019,25,PIT,NL,22,42,5,7,1,0,0,5,6,0,17,0,0,2,0,0,1,0.167,0.26,0.19,0.45,/H794
MiguelAndujar,,andujmi01,49,2,-0.8,-0.4,-9,-1.2,-1.035,2019,24,NYY,AL,12,47,1,6,0,0,0,1,1,0,11,0,0,1,4,0,0,0.128,0.143,0.128,0.271,/*D5
BobbyBradley,,bradlbo01,49,7,-0.2,-0.2,-3,-0.3,-0.013,2019,23,CLE,AL,15,45,4,8,5,0,1,4,4,0,20,0,0,0,2,0,0,0.178,0.245,0.356,0.6,/*D3H
DrewButera,,buterdr01,49,9,-0.5,0.2,-6,-0.4,-0.616,2019,35,COL,NL,16,43,6,7,3,0,0,3,4,0,14,0,1,1,2,0,0,0.163,0.229,0.233,0.462,*2/3H
JakeElmore,,elmorja01,49,7,-0.4,-0.1,-5,-0.5,-0.213,2019,32,PIT,NL,20,47,3,10,1,0,0,4,2,0,8,0,0,0,0,0,1,0.213,0.245,0.234,0.479,/H7594
AJReed,,reedaj01,49,4,-0.6,-0.2,-6,-0.6,-0.86,2019,26,CHW,AL,14,44,1,6,0,0,1,4,4,0,21,0,0,1,1,0,0,0.136,0.204,0.205,0.409,/*D3H1
CalebSmith,,smithca03,49,5,0.3,0,-4,0.3,-0.268,2019,27,MIA,NL,27,43,2,10,2,0,0,3,0,0,15,1,5,0,2,0,0,0.233,0.25,0.279,0.529,*1/H
BrandonWoodruff,,woodrbr01,49,5,0.4,0,-2,0.4,-0.318,2019,26,MIL,NL,25,45,1,12,4,0,0,4,1,0,20,0,3,0,0,0,0,0.267,0.283,0.356,0.638,*1/H
AlenHanson,,hansoal01,48,9,-0.5,0,-6,-0.5,-0.407,2019,26,TOR,AL,18,43,5,7,0,0,0,4,3,1,17,1,0,1,0,1,0,0.163,0.229,0.163,0.392,/4H93D7
EricLauer,,lauerer01,48,1,-0.2,0,-7,-0.2,-0.745,2019,24,SDP,NL,29,40,1,4,2,0,0,0,1,0,23,0,6,0,0,0,0,0.1,0.122,0.15,0.272,*1
JordanLyles,,lylesjo01,48,7,-0.1,0,-9,-0.1,-0.631,2019,28,TOT,NL,26,45,3,4,0,0,0,4,1,0,28,1,1,0,1,0,0,0.089,0.128,0.089,0.217,*1
BrianO'Grady,,ogradbr01,48,5,0.1,-0.2,-1,0,0.078,2019,27,CIN,NL,28,42,4,8,2,1,2,3,4,0,17,2,0,0,0,0,0,0.19,0.292,0.429,0.72,H8/73D
EricStamets,,stameer01,48,6,-0.6,0,-9,-0.7,-0.47,2019,27,CLE,AL,15,41,4,2,1,0,0,2,5,0,24,0,1,1,2,0,0,0.049,0.149,0.073,0.222,*6
TaylorWard,,wardta01,48,5,-0.1,-0.6,-2,-0.7,-0.387,2019,25,LAA,AL,20,42,4,8,3,0,1,2,6,0,23,0,0,0,1,0,0,0.19,0.292,0.333,0.625,/7H5D
JaylinDavis,,davisja03,47,4,-0.3,-0.2,-4,-0.4,0.038,2019,24,SFG,NL,17,42,2,7,0,0,1,3,3,0,11,2,0,0,1,1,2,0.167,0.255,0.238,0.493,*9/HD
PeterO'Brien,,obriepe01,47,5,-0.3,-0.5,-4,-0.7,-0.554,2019,28,MIA,NL,14,42,2,7,1,0,1,4,4,0,19,1,0,0,2,1,0,0.167,0.255,0.262,0.517,*9/73H
DustinPeterson,,peterdu01,47,9,-0.2,-0.4,-3,-0.6,-0.358,2019,24,DET,AL,17,44,3,10,4,0,0,6,2,0,14,1,0,0,1,1,0,0.227,0.277,0.318,0.595,/*7H98D3
BobbyWilson,,wilsobo02,47,4,-0.7,0.1,-9,-0.7,-0.753,2019,36,DET,AL,15,44,2,4,1,0,0,2,2,0,11,0,1,0,1,0,0,0.091,0.13,0.114,0.244,*2
PeterBourjos,,bourjpe01,46,6,-0.8,0.4,-9,-0.4,-1.188,2019,32,LAA,AL,26,44,4,4,1,0,0,2,1,0,15,0,0,1,1,2,0,0.091,0.109,0.114,0.222,78/HD45
AramisGarcia,,garciar01,46,8,-0.3,0,-4,-0.3,-0.36,2019,26,SFG,NL,18,42,5,6,1,0,2,5,4,1,21,0,0,0,1,0,0,0.143,0.217,0.31,0.527,*2/3H
ColeHamels,,hamelco01,46,5,0,0,-7,-0.1,-0.595,2019,35,CHC,NL,24,42,1,6,1,0,0,4,1,0,15,1,1,1,2,0,0,0.143,0.178,0.167,0.344,*1
MichaelHermosillo,,hermomi01,46,10,-0.1,0.1,-3,0,-0.16,2019,24,LAA,AL,18,36,7,5,1,1,0,3,5,0,19,4,0,1,1,2,0,0.139,0.304,0.222,0.527,*7/89H
ChrisPaddack,,paddach01,46,5,-0.2,0,-8,-0.2,-0.688,2019,23,SDP,NL,25,42,3,5,0,0,0,2,0,0,19,0,4,0,0,0,0,0.119,0.119,0.119,0.238,*1
AntonioSenzatela,,senzaan01,46,5,-0.6,0,-12,-0.6,-0.683,2019,24,COL,NL,24,40,2,1,0,0,0,3,1,0,24,0,5,0,0,0,0,0.025,0.049,0.025,0.074,*1
JasonVargas,,vargaja01,45,0,-0.4,0,-9,-0.4,-0.808,2019,36,TOT,NL,27,40,0,3,0,0,0,0,0,0,22,0,5,0,1,0,0,0.075,0.075,0.075,0.15,*1
ChaseAnderson,,anderch01,44,2,-0.1,0,-8,-0.1,-0.485,2019,31,MIL,NL,31,40,1,4,1,0,0,1,2,0,24,0,2,0,0,0,0,0.1,0.143,0.125,0.268,*1/H
LaneThomas,,thomala02,44,14,0.5,0.1,4,0.6,0.569,2019,23,STL,NL,34,38,6,12,0,1,4,12,4,0,8,2,0,0,1,1,1,0.316,0.409,0.684,1.093,*8*H/97
TrevorWilliams,,willitr01,44,6,0.1,0,-5,0.1,-0.364,2019,27,PIT,NL,23,36,2,6,0,0,0,4,2,0,17,0,6,0,0,0,0,0.167,0.211,0.167,0.377,*1
TylerBeede,,beedety01,43,3,-0.1,0,-7,-0.1,-0.612,2019,26,SFG,NL,25,38,2,4,0,0,0,1,3,0,23,0,2,0,0,0,0,0.105,0.171,0.105,0.276,*1/H
SocratesBrito,,britoso01,43,7,-0.6,-0.1,-7,-0.7,-0.554,2019,26,TOR,AL,17,39,5,3,0,1,0,2,4,0,17,0,0,0,2,0,0,0.077,0.163,0.128,0.291,*9/8H7
CarterKieboom,,kieboca01,43,4,-0.3,-0.6,-5,-1,-0.649,2019,21,WSN,NL,11,39,4,5,0,0,2,2,4,1,16,0,0,0,0,0,0,0.128,0.209,0.282,0.491,*6/H
DomNunez,,nunezdo01,43,6,-0.1,0.1,-3,-0.2,-0.241,2019,24,COL,NL,16,39,4,7,3,0,2,4,3,0,17,0,0,1,0,0,0,0.179,0.233,0.41,0.643,*2/H
RangelRavelo,,ravelra01,43,9,-0.2,-0.1,-2,-0.2,-0.084,2019,27,STL,NL,29,39,4,8,2,0,2,7,3,0,12,0,0,1,1,0,0,0.205,0.256,0.41,0.666,*H/3
MagneurisSierra,,sierrma01,42,6,0.2,0.1,1,0.2,-0.365,2019,23,MIA,NL,15,40,5,14,1,1,0,1,2,0,7,0,0,0,0,3,3,0.35,0.381,0.425,0.806,/*89H
ChrisArcher,,archech01,41,0.1,0,0.1,-0.541,3,-6,2019,30,PIT,NL,22,35,1,4,0,0,0,2,3,0,19,0,3,0,0,0,0,0.114,0.184,0.114,0.298,*1
GregBird,,birdgr01,41,-0.3,-0.2,-0.1,-0.194,6,-3,2019,26,NYY,AL,10,35,6,6,0,0,1,1,6,0,16,0,0,0,1,0,0,0.171,0.293,0.257,0.55,*3
JakeFraley,,fraleja01,41,-0.9,-0.4,-0.4,-0.798,4,-6,2019,24,SEA,AL,12,40,3,6,2,0,0,1,0,0,14,1,0,0,0,0,0,0.15,0.171,0.2,0.371,*8/H9
CalebJoseph,,josepca01,41,0,0.2,-0.1,-0.14,8,-4,2019,33,ARI,NL,20,38,5,8,2,0,0,3,1,0,10,1,1,0,0,0,0,0.211,0.25,0.263,0.513,*2/H1
DallasKeuchel,,keuchda01,41,-0.1,0,-0.1,-0.663,2,-7,2019,31,ATL,NL,19,38,0,5,1,0,0,2,1,0,28,0,2,0,0,0,0,0.132,0.154,0.158,0.312,*1
TylerMahle,,mahlety01,41,-0.2,0,-0.2,-0.773,4,-7,2019,24,CIN,NL,24,34,4,3,1,0,0,0,1,0,19,0,6,0,0,0,0,0.088,0.114,0.118,0.232,*1/H
JasonMartin,,martija03,40,-0.3,-0.4,0,0.751,7,-1,2019,23,PIT,NL,20,36,5,9,2,0,0,2,4,0,10,0,0,0,0,2,0,0.25,0.325,0.306,0.631,*7/H8
DannyMendick,,mendida01,40,0.5,0.2,0.3,-0.254,8,0,2019,25,CHW,AL,16,39,6,12,0,0,2,4,1,0,11,0,0,0,1,0,0,0.308,0.325,0.462,0.787,/H6D45
MarkZagunis,,zagunma01,40,-0.2,-0.3,0,-0.154,7,-1,2019,26,CHC,NL,30,36,2,9,3,0,0,5,4,0,16,0,0,0,1,0,0,0.25,0.325,0.333,0.658,*H/97
GarrettStubbs,,stubbga01,39,0.1,0.1,0.1,-0.536,10,-2,2019,26,HOU,AL,19,35,8,7,3,0,0,2,4,0,7,0,0,0,1,1,0,0.2,0.282,0.286,0.568,*2/H79
MichaelWacha,,wachami01,39,0,0,0,-0.475,6,-6,2019,27,STL,NL,28,36,3,6,1,0,0,3,0,0,21,0,3,0,0,0,0,0.167,0.167,0.194,0.361,*1
AbrahamAlmonte,,almonab01,38,0.6,0.2,0.4,0.066,14,3,2019,30,ARI,NL,17,31,11,9,3,1,1,4,7,0,8,0,0,0,1,0,0,0.29,0.421,0.548,0.969,/*9H8
MikeFoltynewicz,,foltymi01,38,-0.4,0,-0.4,-0.789,2,-9,2019,27,ATL,NL,19,35,1,2,0,0,0,1,0,0,19,0,3,0,1,0,0,0.057,0.057,0.057,0.114,*1
LoganMorrison,,morrilo01,38,-0.1,-0.1,-0.1,-0.339,6,-2,2019,31,PHI,NL,29,35,5,7,1,0,2,3,3,0,10,0,0,0,1,0,0,0.2,0.263,0.4,0.663,*H/3D
AndrewStevenson,,stevean01,37,0.2,0,0.2,-0.002,4,3,2019,25,WSN,NL,30,30,4,11,1,1,0,0,6,0,11,1,0,0,1,0,1,0.367,0.486,0.467,0.953,*H/7
PabloLopez,,lopezpa01,36,0,0,0.1,-0.858,4,-5,2019,23,MIA,NL,21,35,1,6,2,0,0,3,0,0,19,0,1,0,0,0,0,0.171,0.171,0.229,0.4,*1/H
VinceVelasquez,,velasvi01,36,0.6,0.2,0.4,-0.327,4,-2,2019,27,PHI,NL,33,30,2,7,0,0,1,3,2,0,9,0,4,0,1,0,0,0.233,0.281,0.333,0.615,*1/H7
MaxMoroff,,morofma01,35,-0.4,-0.1,-0.2,0.054,6,-4,2019,26,CLE,AL,20,32,3,4,1,0,1,4,2,0,16,0,1,0,0,1,0,0.125,0.176,0.25,0.426,*6/4H5
PeterLambert,,lambepe01,34,0.4,0,0.4,-0.189,5,-1,2019,22,COL,NL,21,28,3,9,0,0,0,2,3,0,10,0,3,0,1,0,0,0.321,0.387,0.321,0.709,*1/H
TrevorRichards,,richatr01,34,-0.1,0,0,-0.576,2,-6,2019,26,TOT,ML,22,30,2,3,0,0,0,0,2,0,18,0,2,0,0,0,0,0.1,0.156,0.1,0.256,*1/H
TannerRoark,,roarkta01,34,0,0,0.1,-0.33,3,-5,2019,32,TOT,ML,19,33,2,5,1,0,1,2,0,0,13,0,1,0,0,0,0,0.152,0.152,0.273,0.424,*1
MasonWilliams,,willima10,34,-0.1,-0.1,0,-0.321,6,-1,2019,27,BAL,AL,11,30,4,8,1,0,0,2,3,0,6,0,0,1,0,1,0,0.267,0.324,0.3,0.624,/*8H7D9
SethMejias-Brean,,mejiase01,33,0.4,0.3,0.1,0.084,6,0,2019,28,SDP,NL,14,30,3,7,2,0,2,5,3,0,9,0,0,0,1,0,0,0.233,0.303,0.5,0.803,/*H365
AdrianSanchez,,sanchad01,32,-0.1,0,-0.1,-0.117,4,-4,2019,28,WSN,NL,28,31,3,7,0,0,0,1,1,0,10,0,0,0,0,0,0,0.226,0.25,0.226,0.476,*H/54637
KyleFreeland,,freelky01,31,-0.1,0,-0.1,-0.498,1,-5,2019,26,COL,NL,19,23,1,2,0,0,0,0,3,0,15,0,5,0,1,0,0,0.087,0.192,0.087,0.279,*1
BeauTaylor,,taylobe11,31,0,-0.1,0.2,-0.016,3,0,2019,29,TOT,AL,11,25,3,4,0,0,2,2,4,0,7,1,0,0,0,0,0,0.16,0.3,0.4,0.7,*2/H
MarkTrumbo,,trumbma01,31,-0.3,0,-0.3,-0.318,4,-3,2019,33,BAL,AL,12,29,1,5,3,0,0,3,2,0,5,0,0,0,2,0,0,0.172,0.226,0.276,0.502,/*DH
AnthonyAlford,,alforan01,30,-0.2,-0.1,-0.1,0.342,3,-3,2019,24,TOR,AL,16,28,3,5,0,0,1,1,1,0,11,1,0,0,0,2,0,0.179,0.233,0.286,0.519,/*H798D
DomingoLeyba,,leybado01,30,0.2,0,0.2,0.239,11,1,2019,23,ARI,NL,21,25,6,7,2,1,0,5,4,0,9,0,0,1,0,0,0,0.28,0.367,0.44,0.807,*H/465
CalQuantrill,,quantca01,30,0,0,0,-0.554,2,-5,2019,24,SDP,NL,21,25,1,2,0,0,0,1,1,0,6,0,4,0,0,0,1,0.08,0.115,0.08,0.195,*1
DereckRodriguez,,rodride01,29,0,0,0,-0.367,1,-5,2019,27,SFG,NL,27,29,1,5,0,0,0,0,0,0,17,0,0,0,0,0,0,0.172,0.172,0.172,0.345,*1/H
ShaunAnderson,,andersh01,28,-0.1,0,-0.1,-0.53,0,-5,2019,24,SFG,NL,25,25,0,2,1,0,0,0,0,0,19,1,2,0,0,0,0,0.08,0.115,0.12,0.235,*1
GioGonzalez,,gonzagi01,28,-0.2,0,-0.2,-0.613,1,-6,2019,33,MIL,NL,18,25,1,1,0,0,0,0,1,0,17,0,2,0,0,0,0,0.04,0.077,0.04,0.117,*1
PatrickWisdom,,wisdopa01,28,-0.3,0,-0.3,-0.225,2,-4,2019,27,TEX,AL,9,26,1,4,1,0,0,1,1,0,15,0,1,0,0,0,0,0.154,0.185,0.192,0.377,/*35H
KevinGausman,,gausmke01,27,-0.3,0,-0.3,-0.525,1,-7,2019,28,TOT,NL,30,27,1,1,0,0,0,0,0,0,18,0,0,0,1,0,0,0.037,0.037,0.037,0.074,*1
AdrianHouser,,housead01,27,-0.1,0,-0.1,-0.439,0,-5,2019,26,MIL,NL,32,22,0,1,1,0,0,0,2,0,17,0,3,0,0,0,0,0.045,0.125,0.091,0.216,*1
ErickMejia,,mejiaer01,27,0,0,0,-0.175,7,-1,2019,24,KCR,AL,9,22,3,5,1,0,0,4,4,0,7,0,0,1,1,0,0,0.227,0.333,0.273,0.606,/*8H64
NickPivetta,,pivetni01,27,-0.1,0,-0.1,-0.505,1,-6,2019,26,PHI,NL,29,25,1,2,0,0,0,0,1,0,19,0,1,0,0,0,0,0.08,0.115,0.08,0.195,*1
MattStrahm,,strahma01,27,0.4,0,0.4,0.065,2,0,2019,27,SDP,NL,45,21,1,6,2,0,0,1,2,0,12,0,4,0,0,0,0,0.286,0.348,0.381,0.729,*1/H
KalebCowart,,cowarka01,26,-0.1,0.1,-0.2,-0.277,2,-3,2019,27,LAA,AL,9,25,1,4,3,0,0,1,1,0,7,0,0,0,2,1,0,0.16,0.192,0.28,0.472,/*54H
RajaiDavis,,davisra01,26,-0.1,-0.1,-0.1,-0.168,11,-1,2019,38,NYM,NL,29,25,4,5,2,0,1,8,1,0,5,0,0,0,0,0,1,0.2,0.231,0.4,0.631,*H7/9
MikeGerber,,gerbemi01,26,-0.5,-0.1,-0.5,-0.727,0,-5,2019,26,SFG,NL,12,24,0,1,1,0,0,0,2,0,15,0,0,0,0,0,0,0.042,0.115,0.083,0.199,/H79
RyanLaMarre,,lamarry01,26,0,-0.1,0.1,-0.132,4,0,2019,30,MIN,AL,14,23,3,5,0,0,2,3,3,0,5,0,0,0,0,1,1,0.217,0.308,0.478,0.786,*8/H9D
JordanYamamoto,,yamamjo01,26,-0.2,0,-0.2,-0.526,1,-5,2019,23,MIA,NL,16,21,0,1,0,0,0,1,1,0,9,0,4,0,1,0,0,0.048,0.091,0.048,0.139,*1/H
JhoulysChacin,,chacijh01,25,0,0,0.1,-0.406,2,-4,2019,31,TOT,ML,18,24,2,3,0,0,1,1,1,0,10,0,0,0,0,0,0,0.125,0.16,0.25,0.41,*1
TaylorClarke,,clarkta01,25,0.3,0,0.3,-0.2,3,-2,2019,26,ARI,NL,21,24,2,6,0,0,1,2,0,0,10,0,1,0,0,0,0,0.25,0.25,0.375,0.625,*1
RyanCourt,,courtry01,25,-0.2,-0.1,-0.1,-0.265,5,-1,2019,31,SEA,AL,12,24,1,5,1,0,1,5,1,0,11,0,0,0,0,0,0,0.208,0.24,0.375,0.615,/*37H9
MikieMahtook,,mahtomi01,25,-0.4,0.1,-0.5,-0.579,0,-6,2019,29,DET,AL,9,23,0,0,0,0,0,0,2,0,11,0,0,0,0,0,0,0,0.08,0,0.08,/*8HD7
MarcusStroman,,stromma01,25,-0.2,0,-0.2,-0.403,2,-6,2019,28,TOT,ML,12,23,2,1,0,0,0,0,0,0,13,0,2,0,1,0,0,0.043,0.043,0.043,0.087,*1
AlexYoung,,youngal01,25,-0.3,0,-0.2,-0.314,1,-7,2019,25,ARI,NL,16,25,1,1,0,0,0,0,0,0,18,0,0,0,0,0,0,0.04,0.04,0.04,0.08,*1
CristhianAdames,,adamecr01,24,0.2,0.1,0.1,-0.252,3,0,2019,27,SFG,NL,10,22,1,7,1,0,0,2,2,0,8,0,0,0,0,0,0,0.318,0.375,0.364,0.739,/*H45
DarioAgrazal,,agrazda01,24,-0.1,0,0,-0.372,2,-5,2019,24,PIT,NL,14,22,0,2,0,0,0,2,0,0,9,0,1,1,0,0,0,0.091,0.087,0.091,0.178,*1
ZacGallen,,galleza01,24,-0.1,0,-0.1,-0.499,3,-4,2019,23,TOT,NL,14,19,2,2,0,0,0,1,0,0,8,0,5,0,0,0,0,0.105,0.105,0.105,0.211,*1
ChiChiGonzalez,,gonzach01,24,-0.3,0,-0.3,-0.523,2,-7,2019,27,COL,NL,13,24,0,1,0,0,0,2,0,0,15,0,0,0,0,0,0,0.042,0.042,0.042,0.083,*1
ElieserHernandez,,hernael01,24,-0.1,0,-0.1,-0.463,0,-4,2019,24,MIA,NL,20,19,0,1,0,0,0,0,1,0,10,0,4,0,0,0,0,0.053,0.1,0.053,0.153,*1
JeffHoffman,,hoffmje02,24,0,0,0,-0.245,3,-3,2019,26,COL,NL,18,21,2,5,0,0,0,1,0,0,9,0,3,0,0,0,0,0.238,0.238,0.238,0.476,*1/H
TravisJankowski,,jankotr01,24,-0.1,0.1,-0.2,-0.183,4,-3,2019,28,SDP,NL,25,22,4,4,0,0,0,0,2,0,4,0,0,0,0,2,2,0.182,0.25,0.182,0.432,*H/897
DinelsonLamet,,lametdi01,24,-0.1,0,0,-0.461,1,-4,2019,26,SDP,NL,13,21,1,3,0,0,0,0,0,0,11,0,3,0,0,0,0,0.143,0.143,0.143,0.286,*1
MikeLeake,,leakemi01,24,-0.2,0,-0.2,-0.484,1,-5,2019,31,TOT,ML,11,21,0,1,0,0,0,1,1,0,11,0,2,0,0,0,0,0.048,0.091,0.048,0.139,*1
JosePirela,,pireljo01,24,-0.1,0.1,-0.1,-0.409,2,-2,2019,29,TOT,NL,14,22,1,4,1,0,1,2,2,0,7,0,0,0,1,0,0,0.182,0.25,0.364,0.614,/*H79
RossStripling,,stripro01,24,0,0,0.1,-0.382,2,-3,2019,29,LAD,NL,27,20,1,3,0,0,0,1,2,0,7,0,2,0,1,0,0,0.15,0.227,0.15,0.377,*1
AndrewVelazquez,,velazan01,24,-0.2,0.1,-0.3,-0.229,3,-4,2019,24,TOT,AL,15,23,3,2,2,0,0,0,1,0,13,0,0,0,0,1,0,0.087,0.125,0.174,0.299,/H4587
RandyArozarena,,arozara01,23,0.3,0.1,0.2,0.144,5,1,2019,24,STL,NL,19,20,4,6,1,0,1,2,2,0,4,1,0,0,0,2,1,0.3,0.391,0.5,0.891,*H/987
ZackGodley,,godleza01,23,0.1,0,0.1,-0.18,5,-2,2019,29,TOT,ML,24,19,3,3,0,0,0,2,3,0,10,0,1,0,0,0,0,0.158,0.273,0.158,0.431,*1
TrevorBauer,,bauertr01,22,0.1,0,0.1,-0.295,1,-3,2019,28,TOT,ML,11,19,1,3,0,0,0,0,2,0,12,0,1,0,0,0,0,0.158,0.238,0.158,0.396,*1
RyanFlaherty,,flahery01,22,-0.2,0,-0.2,-0.196,5,-3,2019,32,CLE,AL,14,21,4,3,2,0,0,1,0,0,7,0,1,0,1,0,0,0.143,0.143,0.238,0.381,*5/H4
Tzu-WeiLin,,lintz02,22,0,0,0,-0.126,4,-1,2019,25,BOS,AL,13,20,3,4,2,0,0,1,2,0,6,0,0,0,0,1,1,0.2,0.273,0.3,0.573,/*4H68
JoseUrena,,urenajo01,22,-0.1,0,-0.1,-0.465,1,-5,2019,27,MIA,NL,24,19,1,0,0,0,0,0,1,0,14,0,2,0,1,0,0,0,0.05,0,0.05,*1/H
JorgeBonifacio,,bonifjo01,21,0.1,0,0.1,0.162,6,1,2019,26,KCR,AL,5,20,3,7,3,0,0,3,1,0,7,0,0,0,0,0,0,0.35,0.381,0.5,0.881,/*97
TylerChatwood,,chatwty01,21,0.1,0,0.1,-0.075,2,-2,2019,29,CHC,NL,40,18,1,3,2,0,0,1,1,0,6,0,2,0,0,0,0,0.167,0.211,0.278,0.488,*1/H
DustinPedroia,,pedrodu01,21,-0.6,-0.3,-0.3,-0.472,2,-4,2019,35,BOS,AL,6,20,1,2,0,0,0,1,1,0,2,0,0,0,2,0,0,0.1,0.143,0.1,0.243,/*4D
LukeWeaver,,weavelu01,21,0,0,0,-0.241,5,-3,2019,25,ARI,NL,13,19,2,2,0,0,1,4,0,0,11,0,1,1,0,0,0,0.105,0.1,0.263,0.363,*1/H
FranchyCordero,,cordefr02,20,0.2,0,0.2,0.116,3,1,2019,24,SDP,NL,9,15,2,5,1,0,0,1,4,0,7,0,0,1,0,1,0,0.333,0.45,0.4,0.85,/*89H
TaylorDavis,,davista01,20,-0.2,-0.1,0,0.138,5,-1,2019,29,CHC,NL,7,18,2,3,0,0,1,4,2,0,4,0,0,0,0,0,0,0.167,0.25,0.333,0.583,/*213
ErickFedde,,feddeer01,20,-0.1,0,-0.1,-0.238,1,-3,2019,26,WSN,NL,20,15,1,2,0,0,0,0,0,0,6,0,5,0,0,0,0,0.133,0.133,0.133,0.267,*1
DavidFreitas,,freitda01,20,-0.2,0,-0.2,-0.098,3,-2,2019,30,TOT,ML,17,15,2,1,0,0,0,1,4,0,5,0,0,1,1,0,0,0.067,0.25,0.067,0.317,*H/2
RichHill,,hillri01,20,0.1,0,0.1,-0.123,1,-2,2019,39,LAD,NL,11,18,0,3,1,0,0,1,1,0,9,0,1,0,0,0,0,0.167,0.211,0.222,0.433,*1
DrewPomeranz,,pomerdr01,20,-0.3,0,-0.3,-0.488,0,-5,2019,30,TOT,NL,44,19,0,0,0,0,0,0,0,0,13,0,1,0,1,0,0,0,0,0,0,*1
ReneRivera,,riverre01,20,-0.1,-0.2,0.1,-0.178,4,0,2019,35,NYM,NL,9,17,2,4,0,0,1,3,3,0,4,0,0,0,0,0,0,0.235,0.35,0.412,0.762,/*2H
JoeRoss,,rossjo01,20,-0.1,0,-0.1,-0.322,1,-4,2019,26,WSN,NL,28,19,1,2,0,0,0,0,1,0,10,0,0,0,0,0,0,0.105,0.15,0.105,0.255,*1/H
ChrisShaw,,shawch01,20,-0.4,-0.1,-0.3,-0.107,0,-4,2019,25,SFG,NL,16,18,0,1,0,0,0,0,2,0,8,0,0,0,0,0,0,0.056,0.15,0.056,0.206,*H/3D
DrewSmyly,,smylydr01,20,-0.2,0,-0.2,-0.463,1,-5,2019,30,TOT,ML,11,19,1,0,0,0,0,0,1,0,9,0,0,0,0,0,0,0,0.05,0,0.05,*1
