Name,Team,G,PA,HR,R,RBI,SB,BB%,K%,ISO,BABIP,AVG,OBP,SLG,wOBA,wRC+,EV,BsR,f-Off,Def,fWAR,playerid
MikeTrout,Angels,134,600,45,110,104,11,18.30%,20.00%,0.353,0.298,0.291,0.438,0.645,0.436,180,90.9,7.1,68.2,-0.3,8.6,10155
AlexBregman,Astros,156,690,41,122,112,5,17.20%,12.00%,0.296,0.281,0.296,0.423,0.592,0.418,168,89.3,-2.1,58.2,4.8,8.5,17678
ChristianYelich,Brewers,130,580,44,100,97,30,13.80%,20.30%,0.342,0.355,0.329,0.429,0.671,0.442,174,93.3,8.5,65.2,-3.9,7.8,11477
CodyBellinger,Dodgers,156,660,47,121,115,15,14.40%,16.40%,0.324,0.302,0.305,0.406,0.629,0.415,162,91.1,1.4,55.2,3.4,7.8,15998
MarcusSemien,Athletics,162,747,33,123,92,10,11.60%,13.70%,0.237,0.294,0.285,0.369,0.522,0.373,137,88.9,1.7,37.4,14.1,7.6,12533
KetelMarte,Diamondbacks,144,628,32,97,92,10,8.40%,13.70%,0.264,0.342,0.329,0.389,0.592,0.405,150,90,4.2,46,6.7,7.1,13613
AnthonyRendon,Nationals,146,646,34,117,126,5,12.40%,13.30%,0.279,0.323,0.319,0.412,0.598,0.413,154,90.4,0.4,46.5,4.2,7,12861
XanderBogaerts,Red Sox,155,698,33,110,117,4,10.90%,17.50%,0.246,0.338,0.309,0.384,0.555,0.39,141,90.6,1,37.6,8.1,6.8,12161
MookieBetts,Red Sox,150,706,29,135,80,16,13.70%,14.30%,0.229,0.309,0.295,0.391,0.524,0.38,135,91,5.6,36.9,6.3,6.6,13611
GeorgeSpringer,Astros,122,556,39,96,96,6,12.10%,20.30%,0.299,0.305,0.292,0.383,0.591,0.4,156,89.8,0.9,40.8,6.4,6.5,12856
MattChapman,Athletics,156,670,36,102,91,1,10.90%,21.90%,0.257,0.27,0.249,0.342,0.506,0.354,125,92.7,0.9,22.4,17.1,6.1,16505
RafaelDevers,Red Sox,156,702,32,129,115,8,6.80%,17.00%,0.244,0.339,0.311,0.361,0.555,0.377,132,92.5,2.3,31.4,4.9,5.9,17350
NolanArenado,Rockies,155,662,41,102,118,3,9.40%,14.00%,0.269,0.312,0.315,0.379,0.583,0.392,128,89.4,2.5,27,12.5,5.9,9777
TrevorStory,Rockies,145,656,35,111,85,23,8.80%,26.50%,0.26,0.361,0.294,0.363,0.554,0.38,121,91,5.9,23.8,15.1,5.8,12564
JTRealmuto,Phillies,145,593,25,92,83,9,6.90%,20.70%,0.217,0.309,0.275,0.328,0.493,0.34,108,90.3,5.4,11.7,27.8,5.7,11739
YoanMoncada,White Sox,132,559,25,83,79,10,7.20%,27.50%,0.233,0.406,0.315,0.367,0.548,0.379,141,93.1,3.5,32.6,6.1,5.7,17232
RonaldAcunaJr,Braves,156,715,41,127,101,37,10.60%,26.30%,0.238,0.337,0.28,0.365,0.518,0.369,126,90.6,8.1,33,1.5,5.6,18401
DJLeMahieu,Yankees,145,655,26,109,102,5,7.00%,13.70%,0.191,0.349,0.327,0.375,0.518,0.375,136,91.9,-0.8,29.2,2.8,5.4,9874
YasmaniGrandal,Brewers,153,632,28,79,77,5,17.20%,22.00%,0.222,0.279,0.246,0.38,0.468,0.361,121,90.7,-5.1,12.5,20.6,5.2,11368
JoshDonaldson,Braves,155,659,37,96,94,4,15.20%,23.50%,0.262,0.292,0.259,0.379,0.521,0.377,132,92.9,-3,24.8,4.5,4.9,5038
PeteAlonso,Mets,161,693,53,103,120,1,10.40%,26.40%,0.323,0.28,0.26,0.358,0.583,0.384,143,90.7,-2.2,37,-9.7,4.8,19251
JuanSoto,Nationals,150,659,34,110,110,12,16.40%,20.00%,0.266,0.312,0.282,0.401,0.548,0.394,142,92,-0.5,35.8,-7.5,4.8,20123
MaxMuncy,Dodgers,141,589,35,101,98,4,15.30%,25.30%,0.265,0.283,0.251,0.374,0.515,0.372,134,89.8,4.8,31.3,-0.8,4.8,13301
KrisBryant,Cubs,147,634,31,108,77,4,11.70%,22.90%,0.239,0.331,0.282,0.382,0.521,0.379,135,87.6,3.8,32.9,-4.1,4.8,15429
OzzieAlbies,Braves,160,702,24,102,86,15,7.70%,16.00%,0.205,0.325,0.295,0.352,0.5,0.354,117,88.9,4.8,20.1,4.6,4.6,16556
AaronJudge,Yankees,102,447,27,75,55,3,14.30%,31.50%,0.267,0.36,0.272,0.381,0.54,0.382,141,96,0.4,23.7,7.6,4.6,15640
BryceHarper,Phillies,157,682,35,98,114,15,14.50%,26.10%,0.25,0.313,0.26,0.372,0.51,0.365,125,91.9,-0.6,21.8,3,4.6,11579
JeffMcNeil,Mets,133,567,23,83,75,5,6.20%,13.20%,0.214,0.337,0.318,0.384,0.531,0.384,143,89,-2.9,29.3,-0.8,4.6,15362
EugenioSuarez,Reds,159,662,49,87,103,3,10.60%,28.50%,0.301,0.312,0.271,0.358,0.572,0.381,133,89.3,-6.2,22.6,1.9,4.5,12552
MaxKepler,Twins,134,596,36,98,90,1,10.10%,16.60%,0.267,0.244,0.252,0.336,0.519,0.355,121,89.7,-1.8,14.4,10,4.4,12144
JavierBaez,Cubs,138,561,29,89,85,11,5.00%,27.80%,0.25,0.345,0.281,0.316,0.531,0.347,114,91.1,1.2,11.2,15.7,4.4,12979
FranciscoLindor,Indians,143,654,32,101,74,22,7.00%,15.00%,0.234,0.291,0.284,0.335,0.518,0.349,114,91,-2,9.9,12.1,4.4,12916
CarlosSantana,Indians,158,686,34,110,93,4,15.70%,15.70%,0.234,0.293,0.281,0.397,0.515,0.38,135,91.8,1.5,31.9,-11.1,4.4,2396
NelsonCruz,Twins,120,521,41,81,108,0,10.70%,25.10%,0.328,0.351,0.311,0.392,0.639,0.417,163,93.7,-4.5,37.7,-12.3,4.3,2434
MichaelBrantley,Astros,148,637,22,88,90,3,8.00%,10.40%,0.191,0.32,0.311,0.372,0.503,0.367,133,88.8,0,27.2,-6.8,4.2,4106
PaulDeJong,Cardinals,159,664,30,97,78,9,9.30%,22.40%,0.211,0.259,0.233,0.318,0.444,0.322,100,87.1,2.3,2.1,18.5,4.1,18015
JorgePolanco,Twins,153,704,22,107,79,4,8.50%,16.50%,0.19,0.328,0.295,0.356,0.485,0.352,119,88.1,3.1,20.6,-3.9,4,13152
AustinMeadows,Rays,138,591,33,83,89,12,9.10%,22.20%,0.268,0.331,0.291,0.364,0.558,0.38,142,90.4,-1,31,-10.3,4,15672
MarkCanha,Athletics,126,497,26,80,58,3,13.50%,21.50%,0.244,0.308,0.273,0.396,0.517,0.386,146,89.1,-1.2,28.2,-4.4,4,11445
AnthonyRizzo,Cubs,146,613,27,89,94,5,11.60%,14.00%,0.227,0.306,0.293,0.405,0.52,0.39,141,89,-5.4,28.1,-6.9,4,3473
FreddieFreeman,Braves,158,692,38,113,121,6,12.60%,18.40%,0.255,0.318,0.295,0.389,0.549,0.387,138,89.7,-0.1,34.9,-16.2,4,5361
JonathanVillar,Orioles,162,714,24,111,73,40,8.50%,24.60%,0.179,0.341,0.274,0.339,0.453,0.335,107,88.9,10.5,17,-1.4,4,10071
RamonLaureano,Athletics,123,481,24,79,67,13,5.60%,25.60%,0.233,0.342,0.288,0.34,0.521,0.356,126,89.7,4.9,21.1,1.8,3.9,17128
MattOlson,Athletics,127,547,36,73,91,0,9.30%,25.20%,0.277,0.3,0.267,0.351,0.545,0.368,134,92.8,-0.5,23.5,-3,3.9,14344
MitchGarver,Twins,93,359,31,70,67,0,11.40%,24.20%,0.357,0.277,0.273,0.365,0.63,0.404,155,91.1,-1.1,24,3.1,3.9,15161
YordanAlvarez,Astros,87,369,27,58,78,0,14.10%,25.50%,0.342,0.366,0.313,0.412,0.655,0.432,178,92.2,-1.8,34.8,-8.5,3.8,19556
MichaelConforto,Mets,151,648,33,90,92,7,13.00%,23.00%,0.237,0.29,0.257,0.363,0.494,0.358,126,89.2,1.4,23.6,-6,3.7,16376
KoltenWong,Cardinals,148,549,11,61,59,24,8.60%,15.10%,0.138,0.321,0.285,0.361,0.423,0.334,108,86.1,7.1,12.9,7.2,3.7,12532
EduardoEscobar,Diamondbacks,158,699,35,94,118,5,7.20%,18.60%,0.242,0.283,0.269,0.32,0.511,0.341,109,87.7,2.9,11,3.9,3.7,6153
GleyberTorres,Yankees,144,604,38,96,90,5,7.90%,21.40%,0.256,0.296,0.278,0.337,0.535,0.358,125,89.1,-0.5,18.6,-2.6,3.6,16997
JorgeSoler,Royals,162,679,48,95,117,3,10.80%,26.20%,0.304,0.294,0.265,0.354,0.569,0.378,136,92.5,-0.7,30.6,-17.2,3.6,14221
FernandoTatisJr,Padres,84,372,22,61,53,16,8.10%,29.60%,0.272,0.41,0.317,0.379,0.59,0.398,150,90.4,3,27.3,-2.1,3.6,19709
BrettGardner,Yankees,141,550,28,86,74,10,9.50%,19.60%,0.253,0.265,0.251,0.325,0.503,0.344,115,87.8,4.6,15.2,2.5,3.6,9927
TreyMancini,Orioles,154,679,35,106,97,1,9.30%,21.10%,0.244,0.326,0.291,0.364,0.535,0.373,132,90.3,-2.1,26.1,-13.4,3.6,15149
JoseAltuve,Astros,124,548,31,89,74,6,7.50%,15.00%,0.252,0.303,0.298,0.353,0.55,0.374,138,87.4,-5,21.8,-4.8,3.5,5417
ChristianVazquez,Red Sox,138,521,23,66,72,4,6.30%,19.40%,0.201,0.305,0.276,0.32,0.477,0.331,102,89.5,-4.2,-3.1,20.8,3.5,9774
TreaTurner,Nationals,122,569,19,96,57,35,7.60%,19.90%,0.2,0.348,0.298,0.353,0.497,0.356,117,90.4,6.5,19.1,-1.5,3.5,16252
TimAnderson,White Sox,123,518,18,81,56,17,2.90%,21.00%,0.173,0.399,0.335,0.357,0.508,0.363,130,88.3,1.7,21.4,-3.7,3.5,15172
DavidFletcher,Angels,154,653,6,83,49,8,8.40%,9.80%,0.094,0.317,0.29,0.35,0.384,0.318,99,83.8,-0.8,-1.4,13.6,3.4,17992
JustinTurner,Dodgers,135,549,27,80,67,2,9.30%,16.00%,0.219,0.304,0.29,0.372,0.509,0.37,132,90.3,-1.1,22.3,-5.3,3.4,5235
JoseRamirez,Indians,129,542,23,68,83,24,9.60%,13.70%,0.224,0.256,0.255,0.327,0.479,0.334,104,89.2,6.7,9.5,5.7,3.3,13510
CoreySeager,Dodgers,134,541,19,82,87,1,8.10%,18.10%,0.211,0.303,0.272,0.335,0.483,0.34,113,88.8,3.4,12.6,4.1,3.3,13624
TommyPham,Rays,145,654,21,77,68,25,12.40%,18.80%,0.176,0.316,0.273,0.369,0.45,0.349,121,90.9,0.6,18.5,-7.5,3.3,2967
JoeyGallo,Rangers,70,297,22,54,49,4,17.50%,38.40%,0.344,0.368,0.253,0.389,0.598,0.401,144,94.8,2.6,19.3,3.7,3.3,14128
TommyEdman,Cardinals,92,349,11,59,36,15,4.60%,17.50%,0.196,0.346,0.304,0.35,0.5,0.357,123,87.4,6.6,17,5.1,3.2,19470
YuliGurriel,Astros,144,612,31,85,104,5,6.00%,10.60%,0.243,0.289,0.298,0.343,0.541,0.364,132,89.3,-2.6,22.2,-10.8,3.2,19198
JDMartinez,Red Sox,146,657,36,98,105,2,11.00%,21.00%,0.252,0.342,0.304,0.383,0.557,0.386,139,91.4,-4.6,27.9,-18.1,3.2,6184
TomMurphy,Mariners,76,281,18,32,40,2,6.80%,31.00%,0.262,0.34,0.273,0.324,0.535,0.355,126,90.6,1.3,10.5,12.5,3.2,13499
CarlosCorrea,Astros,75,321,21,42,59,1,10.90%,23.40%,0.289,0.303,0.279,0.358,0.568,0.38,143,89,0.5,18,3.4,3.2,14162
BryanReynolds,Pirates,134,546,16,83,68,3,8.40%,22.20%,0.189,0.387,0.314,0.377,0.503,0.371,131,89.5,0.7,22.7,-7.6,3.2,19326
GiovannyUrshela,Yankees,132,476,21,73,74,1,5.30%,18.30%,0.219,0.349,0.314,0.355,0.534,0.369,132,90.5,-3.1,16.3,-1.1,3.1,10681
MannyMachado,Padres,156,661,32,81,85,5,9.80%,19.40%,0.206,0.274,0.256,0.334,0.462,0.335,108,91.2,-1.7,5.3,4.9,3.1,11493
BrianAnderson,Marlins,126,520,20,57,66,5,8.50%,21.90%,0.207,0.305,0.261,0.342,0.468,0.342,114,89.9,-0.3,9.6,5,3.1,18289
JocPederson,Dodgers,149,514,36,83,74,1,9.70%,21.60%,0.289,0.249,0.249,0.339,0.538,0.362,127,91.2,0.1,18.4,-3.7,3,11899
StarlingMarte,Pirates,132,586,23,97,82,25,4.30%,16.00%,0.208,0.319,0.295,0.342,0.503,0.353,119,88.6,3.4,17.8,-5.7,3,9241
RobertoPerez,Indians,119,449,24,46,63,0,10.00%,28.30%,0.213,0.285,0.239,0.321,0.452,0.326,98,90.2,-4.1,-5.2,20,3,2900
HunterDozier,Royals,139,586,26,75,84,2,9.40%,25.30%,0.243,0.339,0.279,0.348,0.522,0.36,124,91.1,-2.1,15.6,-5.7,3,15117
KyleSeager,Mariners,106,443,23,55,63,2,9.90%,19.40%,0.229,0.248,0.239,0.321,0.468,0.332,110,89.5,0.5,6.2,8.3,2.9,9785
HowieKendrick,Nationals,121,370,17,61,62,2,7.30%,13.20%,0.228,0.359,0.344,0.395,0.572,0.4,146,91.7,-1.9,20.5,-2.3,2.9,4229
PaulGoldschmidt,Cardinals,161,682,34,97,97,3,11.40%,24.30%,0.216,0.303,0.26,0.346,0.476,0.346,116,90.1,3.2,17.2,-9.3,2.9,9218
WhitMerrifield,Royals,162,735,16,105,74,20,6.10%,17.10%,0.16,0.35,0.302,0.348,0.463,0.34,110,87.1,1.5,11.1,-7.4,2.9,11281
WillyAdames,Rays,152,584,20,69,52,4,7.90%,26.20%,0.164,0.32,0.254,0.317,0.418,0.313,97,88.5,2.2,0,8.5,2.8,15986
MikeMoustakas,Brewers,143,584,35,80,87,3,9.10%,16.80%,0.262,0.25,0.254,0.329,0.516,0.348,113,89.5,-2.2,7.8,2,2.8,4892
NicholasCastellanos,- - -,151,664,27,100,73,2,6.20%,21.50%,0.236,0.337,0.289,0.337,0.525,0.357,121,88.9,-0.5,18.3,-12.6,2.8,11737
MiguelSano,Twins,105,439,34,76,79,0,12.50%,36.20%,0.329,0.319,0.247,0.346,0.576,0.378,137,94.4,-1.4,19.4,-6.6,2.7,12164
AmedRosario,Mets,157,655,15,75,72,19,4.70%,18.90%,0.144,0.338,0.287,0.323,0.432,0.318,100,89.4,1.3,1.1,5.9,2.7,15518
ScottKingery,Phillies,126,500,19,64,55,15,6.80%,29.40%,0.216,0.337,0.258,0.315,0.474,0.329,101,88.4,5.3,5.9,5.9,2.7,17975
WillsonContreras,Cubs,105,409,24,57,64,1,9.30%,24.90%,0.261,0.314,0.272,0.355,0.533,0.368,127,88.5,0.2,14.9,-0.3,2.7,11609
ByronBuxton,Twins,87,295,10,48,46,14,6.40%,23.10%,0.251,0.314,0.262,0.314,0.513,0.34,111,90,3.3,7.5,9.8,2.7,14161
EricSogard,- - -,110,442,13,59,40,8,8.60%,14.30%,0.167,0.316,0.29,0.353,0.457,0.342,114,85.7,4.3,12.5,-1,2.6,7927
BrandonLowe,Rays,82,327,17,42,51,5,7.60%,34.60%,0.243,0.377,0.27,0.336,0.514,0.354,125,91.6,5.1,15.6,-0.4,2.6,18882
MikeTauchman,Yankees,87,296,13,46,47,6,11.50%,24.00%,0.227,0.333,0.277,0.361,0.504,0.364,128,88.7,1.2,11.9,4.2,2.6,15274
KyleSchwarber,Cubs,155,610,38,82,92,2,11.50%,25.60%,0.282,0.276,0.25,0.339,0.531,0.357,120,93.5,-2.3,13.8,-7.1,2.6,16478
KoleCalhoun,Angels,152,632,33,92,74,4,11.10%,25.60%,0.236,0.265,0.232,0.325,0.467,0.33,108,89.5,-1.2,4.8,-1.1,2.5,11200
MarcellOzuna,Cardinals,130,549,29,80,89,12,11.30%,20.80%,0.231,0.257,0.241,0.328,0.472,0.336,109,91.8,1.6,8,0,2.5,10324
EdwinEncarnacion,- - -,109,486,34,81,86,0,11.90%,21.20%,0.287,0.239,0.244,0.344,0.531,0.362,129,90.1,1,19.3,-10.9,2.5,2151
VictorRobles,Nationals,155,617,17,86,65,28,5.70%,22.70%,0.165,0.31,0.255,0.326,0.419,0.317,91,83.3,4.2,-3,8.5,2.5,18363
JoshBell,Pirates,143,613,37,94,116,0,12.10%,19.20%,0.292,0.288,0.277,0.367,0.569,0.378,135,92.4,-5,23.6,-18.2,2.5,13145
AdalbertoMondesi,Royals,102,443,9,58,62,43,4.30%,29.80%,0.161,0.357,0.263,0.291,0.424,0.298,82,88.7,6.7,-3.8,13.3,2.4,13769
CavanBiggio,Blue Jays,100,430,16,66,48,14,16.50%,28.60%,0.195,0.309,0.234,0.364,0.429,0.343,114,88.9,4.9,12.6,-2.7,2.4,19252
NickAhmed,Diamondbacks,158,625,19,79,82,8,8.30%,18.10%,0.183,0.28,0.254,0.316,0.437,0.315,91,87.8,2.2,-4.8,9,2.4,12147
KevinNewman,Pirates,130,531,12,61,64,16,5.30%,11.70%,0.138,0.333,0.308,0.353,0.446,0.339,110,85.3,-0.2,6.7,0.5,2.4,17696
JDDavis,Mets,140,453,22,65,57,3,8.40%,21.40%,0.22,0.355,0.307,0.369,0.527,0.373,136,91.5,-2.8,18.7,-9,2.4,16219
AdamEaton,Nationals,151,656,15,103,49,15,9.90%,16.20%,0.148,0.319,0.279,0.365,0.428,0.342,107,88.9,3.5,9.9,-7,2.3,11205
JeanSegura,Phillies,144,618,12,79,60,10,4.90%,11.80%,0.141,0.302,0.28,0.323,0.42,0.315,92,88.2,5.7,-0.9,5,2.3,5933
GarySanchez,Yankees,106,446,34,62,77,0,9.00%,28.00%,0.293,0.244,0.232,0.316,0.525,0.346,116,91,-1.1,8.1,-0.1,2.3,11442
JamesMcCann,White Sox,118,476,18,62,60,4,6.30%,28.80%,0.187,0.359,0.273,0.328,0.46,0.333,109,90.2,0.7,6.2,0.4,2.3,12859
RobinsonChirinos,Astros,114,437,17,57,58,1,11.70%,28.60%,0.205,0.306,0.238,0.347,0.443,0.336,113,87,-2,5.2,2.7,2.3,3142
ChristianWalker,Diamondbacks,152,603,29,86,73,8,11.10%,25.70%,0.217,0.312,0.259,0.348,0.476,0.346,112,91.1,2.6,11.9,-8.4,2.2,13419
AdamFrazier,Pirates,152,608,10,80,50,5,6.60%,12.30%,0.139,0.306,0.278,0.336,0.417,0.32,97,87.2,0.7,-1.6,4.9,2.2,15223
MikeYastrzemski,Giants,107,411,21,64,55,2,7.80%,26.00%,0.245,0.325,0.272,0.334,0.518,0.353,121,89.6,1.6,12.9,-3.2,2.2,14854
JordanLuplow,Indians,85,261,15,42,38,3,12.60%,23.40%,0.276,0.313,0.276,0.372,0.551,0.383,137,89.6,1.3,13.7,-0.2,2.2,16424
AlexVerdugo,Dodgers,106,377,12,43,44,4,6.90%,13.00%,0.181,0.309,0.294,0.342,0.475,0.341,114,89.4,0.6,7.3,2.8,2.2,17027
RhysHoskins,Phillies,160,705,29,86,85,2,16.50%,24.50%,0.228,0.267,0.226,0.364,0.454,0.347,113,89.8,-2.7,9.2,-9.8,2.2,16472
KestonHiura,Brewers,84,348,19,51,49,9,7.20%,30.70%,0.268,0.402,0.303,0.368,0.57,0.388,139,91.4,-0.1,17.8,-7.1,2.1,20003
TylerFlowers,Braves,85,310,11,36,34,0,10.00%,33.90%,0.185,0.325,0.229,0.319,0.413,0.31,88,90.1,-2.4,-7.4,19,2.1,9134
LuisArraez,Twins,92,366,4,54,28,2,9.80%,7.90%,0.104,0.355,0.334,0.399,0.439,0.36,125,87.1,1.8,13.4,-4.8,2.1,18568
TommyLaStella,Angels,80,321,16,49,44,0,6.20%,8.70%,0.192,0.282,0.295,0.346,0.486,0.351,122,88.2,-0.1,8.9,0.6,2,12371
AndrewBenintendi,Red Sox,138,615,13,72,68,10,9.60%,22.80%,0.165,0.333,0.266,0.343,0.431,0.33,100,89.1,2.7,3,-4.1,2,17901
EvanLongoria,Giants,129,508,20,59,69,3,8.50%,22.00%,0.183,0.291,0.254,0.325,0.437,0.322,101,89.7,-1.3,-0.7,4.6,2,9368
CharlieBlackmon,Rockies,140,634,32,112,86,2,6.30%,16.40%,0.262,0.334,0.314,0.364,0.576,0.387,125,88.7,-4.5,16.6,-16.9,2,7859
RyanBraun,Brewers,144,508,22,70,75,11,6.70%,20.70%,0.22,0.325,0.285,0.343,0.505,0.354,117,91.5,-0.7,10.5,-6.9,1.9,3410
JasonHeyward,Cubs,147,589,21,78,62,8,11.50%,18.70%,0.177,0.281,0.251,0.343,0.429,0.328,101,88.8,2.1,2.6,-1.7,1.9,4940
DannySantana,Rangers,130,511,28,81,81,21,4.90%,29.50%,0.251,0.353,0.283,0.324,0.534,0.352,111,91.4,4.6,11.6,-9.8,1.9,10322
MiguelRojas,Marlins,132,526,5,52,46,9,6.10%,11.80%,0.095,0.314,0.284,0.331,0.379,0.305,90,87.4,-2.9,-9.8,12.6,1.9,7802
JiManChoi,Rays,127,487,19,54,63,2,13.10%,22.20%,0.198,0.303,0.261,0.363,0.459,0.348,121,91.2,0.8,13.8,-11.1,1.9,5452
EricThames,Brewers,149,459,25,67,61,3,11.10%,30.50%,0.258,0.313,0.247,0.346,0.505,0.354,116,90.9,2.6,12.6,-7.6,1.9,3711
NikoGoodrum,Tigers,112,472,12,61,45,12,9.70%,29.20%,0.173,0.338,0.248,0.322,0.421,0.315,94,89.3,6.9,3.4,-0.6,1.9,12092
HanserAlberto,Orioles,139,550,12,62,51,4,2.90%,9.10%,0.116,0.318,0.305,0.329,0.422,0.318,96,84.4,-1.7,-4.8,4.8,1.9,11902
HunterRenfroe,Padres,140,494,33,64,64,5,9.30%,31.20%,0.273,0.239,0.216,0.289,0.489,0.32,98,89.9,-0.4,-1.6,5.1,1.9,15464
BrianGoodwin,Angels,136,458,17,65,47,7,8.30%,28.20%,0.208,0.337,0.262,0.326,0.47,0.332,109,87.6,2.2,7.5,-4.4,1.9,12858
CarsonKelly,Diamondbacks,111,365,18,46,47,0,13.20%,21.60%,0.232,0.271,0.245,0.348,0.478,0.339,108,88.9,-1.9,1.8,5.6,1.9,13620
AsdrubalCabrera,- - -,131,514,18,69,91,4,11.10%,20.00%,0.181,0.294,0.26,0.342,0.441,0.331,98,89.1,-4.2,-5.4,6.9,1.9,4962
JoseAbreu,White Sox,159,693,33,85,123,2,5.20%,21.90%,0.219,0.32,0.284,0.33,0.503,0.344,117,92.1,-5.3,9.7,-15,1.9,15676
EloyJimenez,White Sox,122,504,31,69,79,0,6.00%,26.60%,0.246,0.308,0.267,0.315,0.513,0.343,116,91.2,1.8,12.3,-11,1.9,17484
ToddFrazier,Mets,133,499,21,63,67,1,8.00%,21.20%,0.192,0.284,0.251,0.329,0.443,0.328,106,88.3,-1.6,2.4,0.5,1.9,785
BusterPosey,Giants,114,445,7,43,38,0,7.60%,16.00%,0.111,0.296,0.257,0.32,0.368,0.298,85,88.6,-4.9,-13.8,18.3,1.8,9166
AvisailGarcia,Rays,125,530,20,61,72,10,5.80%,23.60%,0.182,0.34,0.282,0.332,0.464,0.334,112,89.5,-3.5,4.3,-4.2,1.8,5760
ShoheiOhtani,Angels,106,425,18,51,62,12,7.80%,25.90%,0.219,0.354,0.286,0.343,0.505,0.352,123,92.8,1.4,13.7,-9.9,1.8,19755
OmarNarvaez,Mariners,132,482,22,63,55,0,9.80%,19.10%,0.182,0.306,0.278,0.353,0.46,0.345,119,85.5,-1.5,10.2,-8.5,1.8,13338
HunterPence,Rangers,83,316,18,53,59,6,8.20%,21.80%,0.255,0.333,0.297,0.358,0.552,0.377,128,91.5,3.3,14.6,-7,1.8,8252
LourdesGurrielJr,Blue Jays,84,343,20,52,50,6,5.80%,25.10%,0.264,0.318,0.277,0.327,0.541,0.358,124,90.4,0.6,11.2,-4.7,1.8,19238
HarrisonBader,Cardinals,128,406,12,54,39,11,11.30%,28.80%,0.161,0.268,0.205,0.314,0.366,0.293,81,88.4,0.7,-9.4,14.5,1.8,18030
ShinSooChoo,Rangers,151,660,24,93,61,15,11.80%,25.00%,0.19,0.333,0.265,0.371,0.455,0.353,112,91.9,3.8,13.8,-19.2,1.7,3174
BoBichette,Blue Jays,46,212,11,32,21,4,6.60%,23.60%,0.26,0.368,0.311,0.358,0.571,0.384,142,90,-1.2,10.2,0.2,1.7,19612
JonBerti,Marlins,73,287,6,52,24,17,8.40%,25.40%,0.133,0.36,0.273,0.348,0.406,0.326,104,86.9,6.4,8,0.6,1.7,12037
ChrisTaylor,Dodgers,124,414,12,52,52,8,8.90%,27.80%,0.199,0.344,0.262,0.333,0.462,0.331,107,86,2.5,6.2,-1.8,1.7,13757
OscarMercado,Indians,115,482,15,70,54,15,5.80%,17.40%,0.174,0.3,0.269,0.318,0.443,0.321,95,88.1,3.5,0.2,0.4,1.7,16375
CesarHernandez,Phillies,161,667,14,77,71,9,6.70%,15.00%,0.129,0.313,0.279,0.333,0.408,0.315,92,86,1.5,-5.5,1.6,1.7,10556
DavidPeralta,Diamondbacks,99,423,12,48,57,0,8.30%,20.60%,0.186,0.327,0.275,0.343,0.461,0.338,107,90.1,-1.7,2,2,1.7,2136
AndreltonSimmons,Angels,103,424,7,47,40,10,5.70%,8.70%,0.101,0.277,0.264,0.309,0.364,0.29,81,87.8,-1.7,-12.2,14.8,1.7,10847
LukeVoit,Yankees,118,510,21,72,62,0,13.90%,27.80%,0.2,0.345,0.263,0.378,0.464,0.36,126,89.9,-3.8,12.9,-13.6,1.7,14811
BrianDozier,Nationals,135,482,20,54,50,3,12.70%,21.80%,0.192,0.271,0.238,0.34,0.43,0.329,99,88.5,-1.6,-2,3.4,1.7,9810
WillSmith,Dodgers,54,196,15,30,42,2,9.20%,26.50%,0.318,0.264,0.253,0.337,0.571,0.369,132,89.4,-0.8,7.4,3.3,1.7,19197
VictorReyes,Tigers,69,292,3,29,25,9,4.80%,21.90%,0.127,0.384,0.304,0.336,0.431,0.325,100,87.5,0.3,0.5,5.9,1.6,15487
JasonCastro,Twins,79,275,13,39,30,0,12.00%,32.00%,0.203,0.307,0.232,0.332,0.435,0.328,103,91.8,-0.8,0.2,6.7,1.6,8722
ManuelMargot,Padres,151,441,12,59,37,20,8.60%,20.00%,0.153,0.272,0.234,0.304,0.387,0.296,82,87.7,5,-5.2,7.5,1.6,14712
CameronMaybin,Yankees,82,269,11,48,32,9,11.20%,26.80%,0.209,0.365,0.285,0.364,0.494,0.362,127,89.4,0.7,10.2,-3.3,1.6,5223
DanielVogelbach,Mariners,144,558,30,73,76,0,16.50%,26.70%,0.232,0.232,0.208,0.341,0.439,0.333,111,88.8,-0.1,7.7,-11.2,1.6,14130
JoseIglesias,Reds,146,530,11,62,59,6,3.80%,13.20%,0.119,0.315,0.288,0.318,0.407,0.306,84,84.1,-1.9,-13,11.9,1.6,10231
Travisd'Arnaud,- - -,103,391,16,52,69,0,8.20%,21.70%,0.182,0.281,0.251,0.312,0.433,0.314,98,90,-1.1,-2.3,4.5,1.6,7739
YandyDiaz,Rays,79,347,14,53,38,2,10.10%,17.60%,0.208,0.288,0.267,0.34,0.476,0.341,116,91.7,-0.2,7,-3.3,1.5,16578
TylerNaquin,Indians,89,294,10,34,34,4,4.80%,22.40%,0.179,0.345,0.288,0.325,0.467,0.33,101,90.8,-1.2,-0.8,6.1,1.5,13359
DexterFowler,Cardinals,150,574,19,69,67,8,12.90%,24.70%,0.17,0.294,0.238,0.346,0.409,0.326,103,85.5,-0.3,1.6,-4.7,1.5,4062
AndrewMcCutchen,Phillies,59,262,10,45,29,2,16.40%,21.00%,0.201,0.299,0.256,0.378,0.457,0.358,120,90.6,0.2,7.2,-0.2,1.5,9847
KevinKiermaier,Rays,129,480,14,60,55,19,5.40%,21.70%,0.17,0.267,0.228,0.278,0.398,0.284,78,89.2,3.5,-10.3,8.7,1.5,11038
AustinNola,Mariners,79,267,10,37,31,1,8.60%,23.60%,0.185,0.325,0.269,0.342,0.454,0.337,114,87.4,1.5,6.1,-0.1,1.5,15941
LorenzoCain,Brewers,148,623,11,75,48,18,8.00%,17.00%,0.112,0.301,0.26,0.325,0.372,0.302,83,89.4,0.4,-13.8,9,1.5,9077
DansbySwanson,Braves,127,545,17,77,65,10,9.40%,22.80%,0.172,0.3,0.251,0.325,0.422,0.317,92,89.9,3.9,-1.5,-0.8,1.5,18314
DavidBote,Cubs,127,356,11,47,41,5,12.40%,26.10%,0.165,0.333,0.257,0.362,0.422,0.336,106,89.7,2.4,5.2,-1.4,1.5,14593
KevinPillar,- - -,161,645,21,83,88,14,2.80%,13.80%,0.173,0.27,0.259,0.287,0.432,0.298,85,86.4,6,-6.9,1.2,1.5,12434
IanHapp,Cubs,58,156,11,25,30,2,9.60%,25.00%,0.3,0.286,0.264,0.333,0.564,0.368,127,89.8,1.4,7,2.9,1.5,17919
ElvisAndrus,Rangers,147,648,12,81,72,31,5.20%,14.80%,0.118,0.305,0.275,0.313,0.393,0.3,76,88.4,3.5,-16.6,8.5,1.4,8709
WilsonRamos,Mets,141,524,14,52,73,1,8.40%,13.20%,0.129,0.31,0.288,0.351,0.416,0.327,105,90,-5.8,-2.1,-0.1,1.4,1433
DavidFreese,Dodgers,79,186,11,35,29,0,12.40%,23.70%,0.284,0.374,0.315,0.403,0.599,0.415,162,91.5,-2.1,13.1,-4.4,1.4,9549
MarwinGonzalez,Twins,114,463,15,52,55,1,6.70%,21.20%,0.151,0.31,0.264,0.322,0.414,0.313,93,90.7,0.4,-3.8,2.2,1.4,5497
VictorCaratini,Cubs,95,279,11,31,34,1,10.40%,21.10%,0.18,0.305,0.266,0.348,0.447,0.338,108,89.7,-1.5,1.3,4.3,1.4,14968
FreddyGalvis,- - -,147,589,23,67,70,4,4.80%,24.60%,0.178,0.312,0.26,0.296,0.438,0.307,89,88.8,-0.8,-9.1,3.1,1.4,6609
AustinHedges,Padres,102,347,11,28,36,1,7.80%,31.40%,0.135,0.228,0.176,0.252,0.311,0.242,47,86.7,0.1,-24,27.3,1.4,12976
JackieBradleyJr,Red Sox,147,567,21,69,62,8,9.90%,27.30%,0.196,0.281,0.225,0.317,0.421,0.314,90,90.2,0.5,-7,1.3,1.4,12984
DavidDahl,Rockies,100,413,15,67,61,4,6.80%,26.60%,0.222,0.386,0.302,0.353,0.524,0.364,110,88.7,0.6,6.1,-5.1,1.4,13744
DannyJansen,Blue Jays,107,384,13,41,43,0,8.10%,20.60%,0.153,0.23,0.207,0.279,0.36,0.275,68,88.9,-0.6,-16.3,17,1.4,16535
GregGarcia,Padres,134,372,4,52,31,0,14.20%,22.30%,0.106,0.323,0.248,0.364,0.354,0.319,97,85.8,0.2,-1.1,3.1,1.4,10951
JacobStallings,Pirates,71,210,6,26,13,0,7.60%,19.00%,0.12,0.303,0.262,0.325,0.382,0.297,82,89.2,-0.1,-5,12,1.3,13723
JuricksonProfar,Athletics,139,518,20,65,67,9,9.30%,14.50%,0.192,0.218,0.218,0.301,0.41,0.301,89,86.7,1.8,-5.3,0.7,1.3,10815
BrockHolt,Red Sox,87,295,3,38,31,1,9.50%,19.30%,0.104,0.365,0.297,0.369,0.402,0.333,103,87.3,-1.2,-0.2,3.4,1.3,9345
JorgeAlfaro,Marlins,130,465,18,44,57,4,4.70%,33.10%,0.162,0.364,0.262,0.312,0.425,0.312,95,90.8,-5.7,-9,7.5,1.3,12180
DonovanSolano,Giants,81,228,4,27,23,0,4.40%,21.50%,0.126,0.409,0.33,0.36,0.456,0.346,116,87,-0.9,4.1,2.1,1.3,8623
GarrettCooper,Marlins,107,421,15,52,50,0,7.80%,26.10%,0.165,0.357,0.281,0.344,0.446,0.337,111,89.1,-2.8,3.1,-3.3,1.3,15279
LeuryGarcia,White Sox,140,618,8,93,40,15,3.40%,22.50%,0.099,0.353,0.279,0.31,0.378,0.294,83,88.2,5.6,-7.6,-0.9,1.3,5913
BrandonNimmo,Mets,69,254,8,34,29,3,18.10%,28.00%,0.186,0.293,0.221,0.375,0.407,0.34,114,89.3,1.9,6.6,-1.5,1.3,12927
JonathanSchoop,Twins,121,464,23,61,59,1,4.30%,25.00%,0.217,0.298,0.256,0.304,0.473,0.324,100,87.6,-0.8,-0.6,-2.5,1.3,11265
StarlinCastro,Marlins,162,676,22,68,86,2,4.10%,16.40%,0.165,0.293,0.27,0.3,0.436,0.307,91,88.5,-4.2,-12.2,3.6,1.3,4579
JPCrawford,Mariners,93,396,7,43,46,5,10.90%,21.00%,0.145,0.275,0.226,0.313,0.371,0.296,86,85,0.7,-6.3,5.5,1.3,15491
AlexAvila,Diamondbacks,63,201,9,22,24,1,17.90%,33.80%,0.213,0.287,0.207,0.353,0.421,0.323,97,91.4,-3.1,-3.9,10.5,1.3,7476
AlexGordon,Royals,150,633,13,77,76,5,8.10%,15.80%,0.129,0.301,0.266,0.345,0.396,0.319,96,88.7,-2.4,-5.9,-3.5,1.3,5209
JarrodDyson,Diamondbacks,130,452,7,65,27,30,10.40%,19.00%,0.09,0.275,0.23,0.313,0.32,0.281,69,83.9,8.9,-9.5,7.8,1.3,4866
YasielPuig,- - -,149,611,24,76,84,19,7.20%,21.80%,0.191,0.308,0.267,0.327,0.458,0.33,101,90,-0.9,-0.5,-7.1,1.2,14225
TeoscarHernandez,Blue Jays,125,464,26,58,65,6,9.70%,33.00%,0.242,0.293,0.23,0.306,0.472,0.325,102,91.2,0.7,1.8,-5.4,1.2,13066
MattCarpenter,Cardinals,129,492,15,59,46,6,12.80%,26.20%,0.166,0.285,0.226,0.334,0.392,0.315,95,88,0.2,-2.8,-0.7,1.2,8090
ReeseMcGuire,Blue Jays,30,105,5,14,11,0,6.70%,17.10%,0.227,0.324,0.299,0.346,0.526,0.364,128,86.7,-0.2,3.6,5.1,1.2,15674
MattJoyce,Braves,129,238,7,32,23,0,16.00%,18.90%,0.155,0.351,0.295,0.408,0.45,0.372,128,87.7,-0.1,8.8,-4.2,1.2,3353
BradMiller,- - -,79,170,13,26,25,2,8.80%,26.50%,0.305,0.281,0.26,0.329,0.565,0.368,126,92.6,0.2,6.1,0.6,1.2,12775
RussellMartin,Dodgers,83,249,6,29,20,1,12.00%,24.10%,0.11,0.276,0.22,0.337,0.33,0.295,83,88.2,0.2,-5.3,9.4,1.2,4616
YadierMolina,Cardinals,113,452,10,45,57,6,5.10%,12.80%,0.129,0.289,0.27,0.312,0.399,0.303,87,87.4,-3.8,-11.4,8.8,1.2,7007
LuisRengifo,Angels,108,406,7,44,33,2,9.90%,22.90%,0.126,0.3,0.238,0.321,0.364,0.298,86,87.1,0.5,-6.7,4.3,1.2,19858
EddieRosario,Twins,137,590,32,91,109,3,3.70%,14.60%,0.224,0.273,0.276,0.3,0.5,0.329,103,89.2,0.2,2.7,-11.7,1.2,12155
EnriqueHernandez,Dodgers,130,460,17,57,64,4,7.80%,21.10%,0.174,0.266,0.237,0.304,0.411,0.301,88,88.3,1.5,-6.1,3.1,1.2,10472
AledmysDiaz,Astros,69,247,9,36,40,2,10.50%,11.30%,0.195,0.268,0.271,0.356,0.467,0.345,119,88.3,-0.6,5.3,-2.3,1.1,15937
JakeMarisnick,Astros,120,318,10,46,34,10,5.30%,29.90%,0.178,0.31,0.233,0.289,0.411,0.297,86,86.7,2,-3.8,4,1.1,11339
BrianMcCann,Braves,85,316,12,28,45,0,9.80%,16.80%,0.162,0.261,0.249,0.323,0.412,0.311,89,88.8,-2.5,-7.1,8.3,1.1,4810
MitchHaniger,Mariners,63,283,15,46,32,4,10.60%,28.60%,0.244,0.257,0.22,0.314,0.463,0.326,106,88.4,0.5,2.6,-1.2,1.1,14274
DerekDietrich,Reds,113,306,19,41,43,1,9.20%,24.20%,0.275,0.176,0.187,0.328,0.462,0.334,102,87.2,1.4,2.4,-0.9,1.1,10542
WilmerFlores,Diamondbacks,89,285,9,31,37,0,5.30%,10.90%,0.17,0.332,0.317,0.361,0.487,0.358,120,87.4,-1.9,5.7,-3.6,1.1,5827
MannyPina,Brewers,76,179,7,10,25,0,8.90%,27.90%,0.184,0.284,0.228,0.313,0.411,0.308,87,88.5,0.3,-2.9,8.3,1.1,2829
AaronHicks,Yankees,59,255,12,41,36,1,12.20%,28.20%,0.208,0.286,0.235,0.325,0.443,0.325,102,89.8,-0.1,0.6,1.3,1.1,5297
JasonKipnis,Indians,121,511,17,52,65,7,7.80%,17.20%,0.166,0.265,0.245,0.304,0.41,0.301,82,88.1,0,-11.9,4.8,1.1,9776
AristidesAquino,Reds,56,225,19,31,47,7,7.10%,26.70%,0.317,0.266,0.259,0.316,0.576,0.36,119,87.8,1.6,7.4,-4,1,15482
CurtCasali,Reds,84,236,8,24,32,0,10.60%,25.00%,0.159,0.308,0.251,0.331,0.411,0.316,90,87.2,1.5,-1.5,4.5,1,12510
CoreyDickerson,- - -,78,279,12,33,59,1,5.70%,20.10%,0.262,0.344,0.304,0.341,0.565,0.367,127,87.1,-0.9,9,-7.4,1,10762
MikeFreeman,Indians,75,213,4,27,24,1,10.30%,28.60%,0.113,0.388,0.277,0.362,0.39,0.327,99,85.6,1.8,1.6,1.3,1,11241
YolmerSanchez,White Sox,149,555,2,59,43,5,7.90%,21.10%,0.069,0.324,0.252,0.318,0.321,0.281,74,87.1,2,-16.3,7,1,11602
JoshReddick,Astros,141,550,14,57,56,5,6.50%,12.00%,0.134,0.288,0.275,0.319,0.409,0.308,93,86.1,0.4,-4.2,-4.9,1,3892
ZackGreinke,- - -,36,56,3,7,8,1,3.60%,21.40%,0.3,0.314,0.28,0.308,0.58,0.362,123,88.9,-0.3,1.4,6.9,1,1943
JesseWinker,Reds,113,384,16,51,38,0,9.90%,15.60%,0.204,0.286,0.269,0.357,0.473,0.351,113,89.2,-4.1,2.7,-5.2,1,13590
CesarPuello,- - -,44,147,4,14,18,0,6.80%,25.90%,0.136,0.325,0.248,0.356,0.384,0.325,104,86.3,0,0.5,4.5,1,7216
FranmilReyes,- - -,150,548,37,69,81,0,8.60%,28.50%,0.263,0.279,0.249,0.31,0.512,0.338,109,93.3,-3.2,3.1,-11.5,1,14566
PabloSandoval,Giants,108,296,14,42,41,1,6.10%,22.60%,0.239,0.304,0.268,0.313,0.507,0.336,110,89.8,-0.6,3.4,-3.1,1,5409
DidiGregorius,Yankees,82,344,16,47,61,2,4.90%,15.40%,0.204,0.237,0.238,0.276,0.441,0.297,83,88,1.1,-6.1,3.6,0.9,6012
MylesStraw,Astros,56,128,0,27,7,8,14.80%,18.80%,0.074,0.345,0.269,0.378,0.343,0.323,104,84.7,2.8,3.4,1.7,0.9,17620
TimLocastro,Diamondbacks,91,250,1,38,17,17,5.60%,17.60%,0.09,0.31,0.25,0.357,0.34,0.314,91,84.4,5.2,2.2,-0.9,0.9,15124
JakeCave,Twins,72,228,8,28,25,0,9.20%,31.10%,0.197,0.358,0.258,0.351,0.455,0.343,113,90.5,0.7,4.6,-3.2,0.9,14477
EnderInciarte,Braves,65,230,5,30,24,7,11.30%,17.80%,0.151,0.286,0.246,0.343,0.397,0.318,93,83,2.6,0.6,1.4,0.9,4922
AdamHaseley,Phillies,67,242,5,30,26,4,5.80%,24.80%,0.131,0.344,0.266,0.324,0.396,0.309,88,87.3,1.5,-2.4,4,0.9,19878
AJPollock,Dodgers,86,342,15,49,47,5,6.70%,21.60%,0.201,0.3,0.266,0.327,0.468,0.333,108,90.6,1.9,5.5,-7.2,0.9,9256
AustinHays,Orioles,21,75,4,12,13,2,9.30%,17.30%,0.265,0.333,0.309,0.373,0.574,0.393,146,91,1.1,5.5,1.2,0.9,19363
StephenVogt,Giants,99,280,10,30,40,3,7.10%,23.60%,0.227,0.311,0.263,0.314,0.49,0.331,107,89.8,0.3,2.8,-2.8,0.9,5000
BenGamel,Brewers,134,356,7,47,33,2,11.20%,29.20%,0.125,0.347,0.248,0.337,0.373,0.308,87,88.2,2.5,-3.7,1,0.9,12160
AustinRomine,Yankees,73,240,8,29,35,1,4.20%,20.80%,0.158,0.327,0.281,0.31,0.439,0.315,95,88.6,-2.2,-3.6,3.9,0.9,5491
AdamEngel,White Sox,89,248,6,26,26,3,5.60%,31.50%,0.141,0.343,0.242,0.304,0.383,0.296,84,86.4,1.6,-3.5,3.4,0.8,15082
ChadPinder,Athletics,124,370,13,45,47,0,5.40%,23.80%,0.176,0.284,0.24,0.29,0.416,0.298,87,90.9,-1.5,-7.7,3.1,0.8,15191
DominicSmith,Mets,89,197,11,35,25,1,9.60%,22.30%,0.243,0.32,0.282,0.355,0.525,0.368,133,88.3,-1.6,6.9,-4.8,0.8,15653
MikeFord,Yankees,50,163,12,30,25,0,10.40%,17.20%,0.301,0.243,0.259,0.35,0.559,0.372,134,91.9,0.3,7.4,-4.8,0.8,15585
RobbieGrossman,Athletics,138,482,6,57,38,9,12.20%,17.80%,0.107,0.288,0.24,0.334,0.348,0.299,88,87.7,0,-7.6,-1.1,0.8,5254
DelinoDeShields,Rangers,118,408,4,42,32,24,9.30%,24.50%,0.098,0.333,0.249,0.325,0.347,0.295,72,86.9,4.8,-9.7,3.5,0.8,11379
YanGomes,Nationals,97,358,12,36,43,2,10.60%,23.50%,0.166,0.265,0.223,0.316,0.389,0.298,79,87.6,-2.1,-12,8.4,0.8,9627
StevenBrault,Pirates,34,50,1,8,2,0,2.00%,16.00%,0.095,0.394,0.333,0.349,0.429,0.332,105,85.1,0,0.3,6.1,0.8,15291
RobinsonCano,Mets,107,423,13,46,39,0,5.90%,16.30%,0.172,0.28,0.256,0.307,0.428,0.308,93,90.9,-2.3,-6.1,0.3,0.8,3269
MartinMaldonado,- - -,105,374,12,46,27,0,8.60%,23.00%,0.165,0.25,0.213,0.293,0.378,0.288,76,88.2,-3.1,-14.6,9.3,0.8,6887
NickSenzel,Reds,104,414,12,55,42,14,7.20%,24.40%,0.171,0.319,0.256,0.315,0.427,0.315,90,87.7,-0.4,-6,0.2,0.7,19293
LaneThomas,Cardinals,34,44,4,6,12,1,9.10%,18.20%,0.368,0.308,0.316,0.409,0.684,0.445,181,91.7,-0.1,4.6,1.6,0.7,16939
AdeinyHechavarria,- - -,84,221,9,34,33,3,6.30%,21.70%,0.202,0.272,0.241,0.299,0.443,0.312,93,87.6,0.7,-1.3,1.6,0.7,10459
TuckerBarnhart,Reds,114,364,11,32,40,1,12.10%,22.80%,0.149,0.278,0.231,0.328,0.38,0.301,81,86.4,-3.5,-12.8,8.6,0.7,10200
AdamDuvall,Braves,41,130,10,17,19,0,5.40%,30.00%,0.3,0.306,0.267,0.315,0.567,0.36,121,91.1,1.1,4.7,-1.4,0.7,10950
AnthonySantander,Orioles,93,405,20,46,59,1,4.70%,21.20%,0.216,0.285,0.261,0.297,0.476,0.321,97,89.9,-0.2,-1.6,-5.3,0.7,14551
SethBrown,Athletics,26,83,0,11,13,1,8.40%,27.70%,0.16,0.423,0.293,0.361,0.453,0.347,120,89,-0.1,2,2.5,0.7,18171
AustinBarnes,Dodgers,75,242,5,28,25,3,9.50%,23.10%,0.137,0.248,0.203,0.293,0.34,0.272,68,87.2,-0.9,-11.1,10.6,0.7,12158
AustinSlater,Giants,68,192,5,20,21,1,11.50%,30.70%,0.179,0.337,0.238,0.333,0.417,0.32,100,88.7,1.7,1.6,-0.6,0.7,16153
ShedLong,Mariners,42,168,5,21,15,3,9.50%,23.80%,0.191,0.327,0.263,0.333,0.454,0.333,111,87.6,1.1,3.5,-2.3,0.7,16542
MitchMoreland,Red Sox,91,335,19,48,58,1,10.10%,22.10%,0.255,0.271,0.252,0.328,0.507,0.347,112,90.8,-2.1,3.2,-8,0.7,3086
JoeyVotto,Reds,142,608,15,79,47,5,12.50%,20.20%,0.15,0.313,0.261,0.357,0.411,0.332,101,88.9,-3.9,-3.3,-9.4,0.7,4314
MichaelChavis,Red Sox,95,382,18,46,58,2,8.10%,33.20%,0.19,0.347,0.254,0.322,0.444,0.323,96,88.8,-2.3,-4.2,-2.4,0.7,17321
DustinGarneau,- - -,35,101,3,14,14,0,9.90%,21.80%,0.163,0.295,0.244,0.35,0.407,0.33,108,84.5,-1.4,-0.4,3.7,0.7,9433
MikeBrosseau,Rays,51,142,6,17,16,1,4.90%,27.50%,0.189,0.345,0.273,0.319,0.462,0.329,108,86.5,1.2,2.7,-1,0.7,19683
SeanMurphy,Athletics,20,60,4,14,8,0,10.00%,26.70%,0.321,0.273,0.245,0.333,0.566,0.37,135,90.7,0.6,3.3,1.2,0.6,19352
KurtSuzuki,Nationals,85,309,17,37,63,0,6.50%,11.70%,0.221,0.248,0.264,0.324,0.486,0.337,104,86,-0.5,1.3,-4.9,0.6,8259
JordyMercer,Tigers,74,271,9,24,22,0,4.80%,21.00%,0.168,0.316,0.27,0.31,0.438,0.314,94,86.9,0.3,-1.9,-1.2,0.6,6547
JacobdeGrom,Mets,33,70,2,4,6,0,5.70%,27.10%,0.123,0.25,0.2,0.246,0.323,0.245,52,85.2,0,-4.5,8.6,0.6,10954
PhillipErvin,Reds,94,260,7,30,23,4,6.90%,24.20%,0.195,0.339,0.271,0.331,0.466,0.334,102,85,0.4,1.2,-3.4,0.6,14738
EhireAdrianza,Twins,84,236,5,34,22,0,8.50%,16.90%,0.144,0.311,0.272,0.349,0.416,0.326,102,86.4,0,0.5,-2.7,0.6,8418
TerranceGore,Royals,37,58,0,13,1,13,10.30%,31.00%,0.078,0.424,0.275,0.362,0.353,0.317,95,83.5,1.6,1.2,2.9,0.6,13658
RyanMcMahon,Rockies,141,539,24,70,83,5,10.40%,29.70%,0.2,0.323,0.25,0.329,0.45,0.33,88,91.9,0.1,-8.8,-2.6,0.6,15112
MattBeaty,Dodgers,99,268,9,36,46,5,6.30%,12.30%,0.193,0.275,0.265,0.317,0.458,0.324,102,89.4,0.1,0.8,-3.4,0.6,17710
JayBruce,- - -,98,333,26,43,59,1,5.70%,24.60%,0.306,0.2,0.216,0.261,0.523,0.318,98,90.2,-0.4,-1.5,-3.9,0.6,9892
TrentGrisham,Brewers,51,183,6,24,24,1,10.90%,26.20%,0.179,0.286,0.231,0.328,0.41,0.316,92,87.6,0.7,-1.3,1.3,0.6,18564
ZackWheeler,Mets,31,64,1,5,6,0,3.10%,29.70%,0.088,0.297,0.211,0.262,0.298,0.246,53,78.6,0,-4,7.9,0.6,10310
AbrahamAlmonte,Diamondbacks,17,38,1,11,4,0,18.40%,21.10%,0.258,0.364,0.29,0.421,0.548,0.406,151,89.7,1.5,4,0.6,0.6,5486
RenatoNunez,Orioles,151,599,31,72,90,1,7.30%,23.90%,0.216,0.272,0.244,0.311,0.46,0.323,99,89.9,0.3,-0.7,-14.7,0.6,14503
JoeyWendle,Rays,75,263,3,32,19,8,5.30%,17.90%,0.109,0.272,0.231,0.293,0.34,0.275,71,87.4,1.6,-8,4.5,0.6,13853
StephenPiscotty,Athletics,93,393,13,46,44,2,7.40%,21.40%,0.162,0.289,0.249,0.309,0.412,0.306,93,89.2,0.7,-3,-5.2,0.6,13367
SamHilliard,Rockies,27,87,7,13,13,2,10.30%,26.40%,0.377,0.298,0.273,0.356,0.649,0.407,138,90.8,0.7,5,-2.2,0.6,17954
RandalGrichuk,Blue Jays,151,628,31,75,80,2,5.60%,26.00%,0.225,0.266,0.232,0.28,0.457,0.307,90,89.3,-3.8,-12.1,-4.5,0.5,10243
AddisonRussell,Cubs,82,241,9,25,23,2,8.30%,24.10%,0.153,0.28,0.237,0.308,0.391,0.297,80,86.9,0.6,-5.6,3.3,0.5,14106
WilMyers,Padres,155,490,18,58,53,16,10.40%,34.30%,0.179,0.344,0.239,0.321,0.418,0.316,96,90.2,-0.6,-3.3,-7.1,0.5,10047
FranciscoMejia,Padres,79,244,8,27,22,1,5.30%,23.00%,0.173,0.319,0.265,0.316,0.438,0.317,96,88.4,-1.2,-2.4,-0.1,0.5,16403
PedroSeverino,Orioles,96,341,13,37,44,3,8.50%,21.40%,0.17,0.285,0.249,0.321,0.42,0.316,94,87.6,-2.1,-4.8,-2,0.5,14523
MagneurisSierra,Marlins,15,42,0,5,1,3,4.80%,16.70%,0.075,0.424,0.35,0.381,0.425,0.347,117,86.9,-0.2,0.7,3.2,0.5,17023
WillieCalhoun,Rangers,83,337,21,51,48,0,6.80%,15.70%,0.256,0.262,0.269,0.323,0.524,0.351,110,89.7,-2.2,2.2,-9,0.5,17838
BrandonWoodruff,Brewers,27,49,0,1,4,0,2.00%,40.80%,0.089,0.48,0.267,0.283,0.356,0.272,63,88.2,0,-2.4,6,0.5,16162
KyleTucker,Astros,22,72,4,15,11,5,5.60%,27.80%,0.269,0.326,0.269,0.319,0.537,0.349,122,92,0.7,2.7,-0.1,0.5,18345
NomarMazara,Rangers,116,469,19,69,66,4,6.00%,23.00%,0.2,0.312,0.268,0.318,0.469,0.327,94,89.1,-0.1,-3.6,-8.1,0.5,14553
MaxFried,Braves,40,65,0,11,4,0,7.70%,24.60%,0.071,0.275,0.196,0.262,0.268,0.236,39,86.5,0,-5.2,8,0.5,13743
AlexDickerson,- - -,68,190,6,29,28,1,6.80%,22.10%,0.213,0.331,0.276,0.332,0.489,0.341,113,89.9,-0.7,2.5,-3.8,0.5,12649
KyleLewis,Mariners,18,75,6,10,13,0,4.00%,38.70%,0.324,0.351,0.268,0.293,0.592,0.357,127,90.4,0.8,3.4,-1.2,0.5,19508
NateLowe,Rays,50,169,7,24,19,0,7.70%,29.60%,0.191,0.34,0.263,0.325,0.454,0.328,107,91.3,1.3,2.9,-4.1,0.5,19566
KentaMaeda,Dodgers,41,61,0,3,6,0,0.00%,21.30%,0.042,0.343,0.25,0.25,0.292,0.232,42,82.8,0,-4.7,7.5,0.5,18498
DeeGordon,Mariners,117,421,3,36,34,22,4.30%,14.50%,0.084,0.313,0.275,0.304,0.359,0.282,77,84.2,2.9,-9.6,-0.5,0.5,8203
MadisonBumgarner,Giants,37,76,2,4,4,0,11.80%,52.60%,0.095,0.286,0.127,0.236,0.222,0.213,29,91,0,-7.1,9.3,0.5,5524
BrandonBelt,Giants,156,616,17,76,57,4,13.50%,20.60%,0.169,0.275,0.234,0.339,0.403,0.319,99,87.3,-1.6,-2.5,-12.9,0.5,10264
BillyHamilton,- - -,119,353,0,41,15,22,9.10%,24.60%,0.057,0.299,0.218,0.289,0.275,0.251,50,80.7,5.8,-16.9,9.2,0.4,10199
TimLopes,Mariners,41,128,1,11,12,6,11.70%,22.70%,0.09,0.354,0.27,0.359,0.36,0.318,101,85,0.7,0.8,-0.8,0.4,14137
JonLester,Cubs,32,53,1,6,6,0,9.40%,37.70%,0.104,0.296,0.188,0.264,0.292,0.246,47,86.3,0,-3.7,6.5,0.4,4930
NickSolak,Rangers,33,135,5,19,17,2,11.10%,21.50%,0.198,0.354,0.293,0.393,0.491,0.375,126,88.3,-0.2,4.4,-4.7,0.4,19294
EdwinRios,Dodgers,28,56,4,10,8,0,16.10%,37.50%,0.34,0.409,0.277,0.393,0.617,0.413,161,95,-0.4,4.1,-1.5,0.4,18316
PeterLambert,Rockies,22,34,0,3,2,0,8.80%,29.40%,0,0.5,0.321,0.387,0.321,0.319,81,80.9,0,-0.9,4.2,0.4,17969
DylanMoore,Mariners,113,282,9,31,28,11,8.90%,33.00%,0.182,0.29,0.206,0.302,0.389,0.299,88,88.4,-0.7,-5.2,-0.6,0.4,18042
VladimirGuerreroJr,Blue Jays,123,514,15,52,69,0,8.90%,17.70%,0.162,0.308,0.272,0.339,0.433,0.329,105,89.4,-6.6,-3.4,-10.6,0.4,19611
StevenMatz,Mets,36,61,1,4,1,0,0.00%,27.90%,0.053,0.308,0.228,0.228,0.281,0.217,34,83.6,0,-5.4,7.5,0.4,13361
MattStrahm,Padres,47,27,0,1,1,0,7.40%,44.40%,0.095,0.667,0.286,0.348,0.381,0.317,96,94.4,0,-0.1,3.3,0.4,13799
NeilWalker,Marlins,115,381,8,37,38,3,11.00%,20.20%,0.134,0.316,0.261,0.344,0.395,0.319,99,86.2,-1,-1.3,-7.1,0.4,7539
HaroldRamirez,Marlins,119,446,11,54,50,2,4.00%,20.40%,0.14,0.328,0.276,0.312,0.416,0.308,92,88.9,0.5,-4,-6.5,0.4,14387
BrandonCrawford,Giants,147,560,11,58,59,3,9.50%,20.90%,0.122,0.274,0.228,0.304,0.35,0.281,74,87.8,-0.9,-20.3,5.9,0.4,5343
SeanRodriguez,Phillies,76,139,4,24,12,1,13.70%,29.50%,0.152,0.309,0.223,0.348,0.375,0.319,94,88.3,-0.2,-1.3,0.6,0.4,6589
KyleHigashioka,Yankees,18,57,3,8,11,0,0.00%,45.60%,0.25,0.321,0.214,0.211,0.464,0.27,65,89.8,0.7,-1.9,3.7,0.4,5517
NickMarkakis,Braves,116,469,9,61,62,2,10.00%,12.60%,0.135,0.31,0.285,0.356,0.42,0.332,102,91.2,-1.9,-0.5,-11,0.4,5930
CalebSmith,Marlins,30,49,0,2,3,0,0.00%,30.60%,0.047,0.357,0.233,0.25,0.279,0.23,41,91.6,0,-3.9,6,0.4,14875
TimBeckham,Mariners,88,328,15,39,47,1,6.40%,31.10%,0.224,0.305,0.237,0.293,0.461,0.315,99,87.2,-2.4,-2.9,-4.9,0.4,7949
RioRuiz,Orioles,127,413,12,35,46,0,9.70%,21.30%,0.143,0.272,0.232,0.306,0.376,0.294,79,88.4,-3.2,-14.2,3.3,0.4,14103
GiancarloStanton,Yankees,18,72,3,8,13,0,16.70%,33.30%,0.203,0.424,0.288,0.403,0.492,0.379,139,92.7,-0.4,3.2,-2.1,0.4,4949
GermanMarquez,Rockies,29,58,0,5,11,0,0.00%,24.10%,0.125,0.324,0.229,0.229,0.354,0.242,30,81.1,0,-5.4,7.1,0.4,15038
HyunJinRyu,Dodgers,30,67,1,3,3,0,6.00%,34.30%,0.078,0.259,0.157,0.218,0.235,0.202,23,86.9,0,-6.9,8.2,0.3,14444
CamGallagher,Royals,45,142,3,14,12,0,7.70%,19.70%,0.127,0.281,0.238,0.312,0.365,0.294,79,86.3,-3.1,-6.9,5.3,0.3,12981
TylerWade,Yankees,43,108,2,16,11,7,10.20%,25.90%,0.117,0.328,0.245,0.33,0.362,0.303,87,86.9,2.5,0.8,-1.2,0.3,15730
KyleGarlick,Dodgers,30,53,3,8,6,0,9.40%,35.80%,0.271,0.346,0.25,0.321,0.521,0.342,114,91.6,0.3,1.3,0.4,0.3,18063
JoseMartinez,Cardinals,128,373,10,45,42,3,9.40%,22.00%,0.141,0.328,0.269,0.34,0.41,0.323,101,88.9,-0.6,-0.3,-8.4,0.3,7996
RougnedOdor,Rangers,145,581,30,77,93,11,9.00%,30.60%,0.234,0.244,0.205,0.283,0.439,0.302,77,91.1,2.2,-14.9,-2.3,0.3,12282
AndrewStevenson,Nationals,30,37,0,4,0,0,16.20%,29.70%,0.1,0.579,0.367,0.486,0.467,0.417,157,84.6,-1.1,1.7,0.3,0.3,17932
TylerAustin,- - -,89,179,9,30,24,2,13.40%,37.40%,0.221,0.253,0.188,0.296,0.409,0.298,85,91.7,3.3,-0.3,-2.4,0.3,11850
MikeZunino,Rays,90,289,9,30,32,0,6.90%,33.90%,0.147,0.22,0.165,0.232,0.312,0.235,45,88.4,0.6,-19.9,12.7,0.3,13265
CJCron,Twins,125,499,25,51,78,0,5.80%,21.40%,0.216,0.277,0.253,0.311,0.469,0.325,101,91.1,-5.6,-5.1,-9.5,0.3,12546
TonyKemp,- - -,110,279,8,31,29,4,8.20%,16.80%,0.167,0.227,0.212,0.291,0.38,0.285,77,86.2,-1.3,-9.7,3,0.3,14894
JoshPhegley,Athletics,106,342,12,44,62,0,4.40%,18.40%,0.172,0.258,0.239,0.282,0.411,0.291,82,84.1,-4,-11.7,2.5,0.3,9308
BrettPhillips,Royals,30,79,2,7,6,3,12.70%,29.10%,0.123,0.167,0.138,0.247,0.262,0.228,34,87.6,1.1,-5.6,5.6,0.3,14735
ChadWallach,Marlins,19,54,1,4,3,0,11.10%,22.20%,0.125,0.314,0.25,0.333,0.375,0.309,93,89.8,0,-0.6,1.6,0.3,17161
CharlieCulberson,Braves,108,144,5,14,20,0,4.20%,30.60%,0.178,0.345,0.259,0.294,0.437,0.306,85,88.3,0,-2.9,1,0.3,3298
JeimerCandelario,Tigers,94,386,8,33,32,3,11.10%,25.60%,0.134,0.262,0.203,0.306,0.337,0.283,72,88.2,0.3,-13.4,2.5,0.3,13621
JackFlaherty,Cardinals,38,66,0,4,4,1,3.00%,25.80%,0.056,0.263,0.185,0.211,0.241,0.195,17,86.5,-0.3,-7.5,8.1,0.3,17479
AbrahamToro,Astros,25,89,2,13,9,1,10.10%,21.30%,0.167,0.259,0.218,0.303,0.385,0.295,85,86.9,0,-1.7,1.3,0.3,19844
GuillermoHeredia,Rays,89,231,5,31,20,2,7.80%,26.00%,0.137,0.293,0.225,0.306,0.363,0.291,82,86.6,1,-4.2,-1.3,0.3,18721
AlexBlandino,Reds,23,50,1,6,3,0,20.00%,28.00%,0.111,0.348,0.25,0.42,0.361,0.352,114,90.1,0.3,1.2,-0.2,0.3,16271
RyanMcBroom,Royals,23,83,0,8,6,0,8.40%,30.10%,0.067,0.44,0.293,0.361,0.36,0.318,95,84.9,-0.4,-0.8,0.5,0.3,16524
BenZobrist,Cubs,47,176,1,24,17,0,13.10%,13.60%,0.053,0.299,0.26,0.358,0.313,0.303,85,85.8,-1.9,-5.5,2.4,0.2,7435
TaylorClarke,Diamondbacks,23,25,1,2,2,0,0.00%,40.00%,0.125,0.385,0.25,0.25,0.375,0.262,57,84.5,0,-1.4,3.1,0.2,17611
StephenStrasburg,Nationals,34,80,1,4,10,0,3.80%,31.30%,0.056,0.239,0.167,0.2,0.222,0.186,5,88,0,-10,9.8,0.2,10131
AustinRiley,Braves,80,297,18,41,49,0,5.40%,36.40%,0.245,0.293,0.226,0.279,0.471,0.307,86,89.4,-1.1,-6.7,-0.6,0.2,18360
RandyArozarena,Cardinals,19,23,1,4,2,2,8.70%,17.40%,0.2,0.333,0.3,0.391,0.5,0.38,138,90.7,-0.1,1.1,0.5,0.2,19290
AndrewKnapp,Phillies,74,160,2,12,8,0,11.30%,31.90%,0.11,0.325,0.213,0.318,0.324,0.282,70,89.2,0.4,-5.9,3,0.2,14942
JoshVanMeter,Reds,95,260,8,33,23,9,11.20%,21.50%,0.171,0.279,0.237,0.327,0.408,0.316,91,90.1,-0.9,-4.2,-2,0.2,15170
NicoHoerner,Cubs,20,82,3,13,17,0,3.70%,13.40%,0.154,0.292,0.282,0.305,0.436,0.305,86,85.6,0.4,-1.1,0.7,0.2,21479
GavinLux,Dodgers,23,82,2,12,9,2,8.50%,29.30%,0.16,0.327,0.24,0.305,0.4,0.301,87,88.8,1.1,-0.3,-0.1,0.2,19955
JohnRyanMurphy,- - -,26,70,4,9,7,0,8.60%,40.00%,0.238,0.226,0.175,0.246,0.413,0.276,66,87.9,0.7,-2.5,2.4,0.2,10346
LuisGuillorme,Mets,45,70,1,8,3,0,10.00%,20.00%,0.115,0.304,0.246,0.324,0.361,0.299,87,87,0.2,-1,0.9,0.2,16451
MauricioDubon,- - -,30,111,4,12,9,3,4.50%,18.00%,0.16,0.305,0.274,0.306,0.434,0.312,95,84.8,0.3,-0.5,-0.9,0.2,16530
RyanGoins,White Sox,52,163,2,13,10,0,10.40%,27.00%,0.097,0.347,0.25,0.333,0.347,0.298,86,87.4,-1.4,-4.4,0.8,0.2,9807
RonnyRodriguez,Tigers,84,294,14,29,43,3,4.40%,27.90%,0.217,0.254,0.221,0.252,0.438,0.283,72,88.9,1.6,-8.9,0.6,0.2,11875
SethMejiasBrean,Padres,14,33,2,3,5,0,9.10%,27.30%,0.267,0.263,0.233,0.303,0.5,0.333,107,89.5,-0.2,0.1,0.9,0.2,13905
DannyMendick,White Sox,16,40,2,6,4,0,2.50%,27.50%,0.154,0.385,0.308,0.325,0.462,0.332,108,86.4,-0.6,-0.2,0.8,0.2,18889
JoeMusgrove,Pirates,46,61,0,8,3,0,3.30%,31.10%,0.078,0.25,0.157,0.189,0.235,0.183,7,86.8,0,-7.5,7.5,0.2,12970
JustinSmoak,Blue Jays,121,500,22,54,61,0,15.80%,21.20%,0.198,0.223,0.208,0.342,0.406,0.323,101,90.3,-4.5,-3.9,-11.8,0.2,9054
KevinPlawecki,Indians,60,174,3,13,17,0,6.90%,17.80%,0.12,0.256,0.222,0.287,0.342,0.273,63,85.6,-1.3,-9.6,5.4,0.2,13807
LoganForsythe,Rangers,101,367,7,38,39,2,12.00%,27.20%,0.126,0.307,0.227,0.325,0.353,0.298,75,89.2,0.1,-11.7,0.7,0.2,7185
FranchyCordero,Padres,9,20,0,2,1,1,20.00%,35.00%,0.067,0.556,0.333,0.45,0.4,0.373,133,92.4,0.8,1.6,-0.3,0.2,14567
JoePanik,- - -,142,491,5,50,39,4,8.80%,9.60%,0.091,0.262,0.244,0.315,0.336,0.284,76,86.8,-2.3,-17.8,3.8,0.2,11936
ThairoEstrada,Yankees,35,69,3,12,12,4,4.30%,21.70%,0.188,0.283,0.25,0.294,0.438,0.308,91,88.6,1.2,0.4,-0.9,0.2,16426
AdamWainwright,Cardinals,31,59,0,6,2,0,3.40%,33.90%,0.06,0.258,0.16,0.189,0.22,0.177,5,87.9,0,-7.4,7.3,0.2,2233
DomingoLeyba,Diamondbacks,21,30,0,6,5,0,13.30%,30.00%,0.16,0.412,0.28,0.367,0.44,0.34,108,85,0.5,0.8,-0.1,0.2,16404
BreyvicValera,- - -,17,52,1,7,6,0,7.70%,13.50%,0.149,0.256,0.234,0.308,0.383,0.297,84,85.9,0.2,-0.9,0.8,0.2,12758
CristhianAdames,Giants,10,24,0,1,2,0,8.30%,33.30%,0.045,0.5,0.318,0.375,0.364,0.326,103,85.9,0.3,0.4,0.4,0.1,6013
BrianO'Grady,Reds,28,48,2,4,3,0,8.30%,35.40%,0.238,0.261,0.19,0.292,0.429,0.305,83,87.9,0.3,-0.8,0.6,0.1,16729
RomanQuinn,Phillies,44,122,4,18,11,8,9.80%,27.90%,0.157,0.271,0.213,0.298,0.37,0.289,75,88.9,2.2,-1.8,-0.8,0.1,13546
MichaelHermosillo,Angels,18,46,0,7,3,2,10.90%,41.30%,0.083,0.278,0.139,0.304,0.222,0.254,56,91.5,1.1,-1.5,1.2,0.1,16285
ZackGodley,- - -,33,23,0,3,2,0,13.00%,43.50%,0,0.333,0.158,0.273,0.158,0.213,26,80.8,0,-2.3,2.8,0.1,14862
KristopherNegron,- - -,40,82,2,12,8,1,6.10%,31.70%,0.091,0.347,0.247,0.293,0.338,0.269,66,84.8,1.7,-1.8,0.4,0.1,5306
AaronNola,Phillies,34,70,0,6,2,0,8.60%,50.00%,0.034,0.292,0.119,0.2,0.153,0.168,-4,86.7,0,-9.7,8.6,0.1,16149
LuisUrias,Padres,71,249,4,27,24,0,10.00%,22.50%,0.102,0.284,0.223,0.329,0.326,0.294,81,87.3,-2,-8.2,1.3,0.1,16622
RowdyTellez,Blue Jays,111,409,21,49,54,1,7.10%,28.40%,0.222,0.267,0.227,0.293,0.449,0.308,91,90.7,-1.6,-6.5,-6.8,0.1,15679
FranciscoCervelli,- - -,48,160,3,15,12,1,8.10%,25.60%,0.135,0.278,0.213,0.302,0.348,0.285,73,86.9,-1.9,-7.5,3.5,0.1,5275
ClintFrazier,Yankees,69,246,12,31,38,1,6.50%,28.50%,0.222,0.329,0.267,0.317,0.489,0.333,108,88.5,-1.2,1.3,-8.8,0.1,15983
TylerChatwood,Cubs,41,21,0,1,1,0,4.80%,28.60%,0.111,0.25,0.167,0.211,0.278,0.21,24,90,0,-2.1,2.6,0.1,4338
SheldonNeuse,Athletics,25,61,0,3,7,0,6.60%,31.10%,0.054,0.368,0.25,0.295,0.304,0.262,63,90.9,-0.3,-3.3,2.2,0.1,19635
ColinMoran,Pirates,149,503,13,46,80,0,6.00%,23.30%,0.152,0.341,0.277,0.322,0.429,0.315,94,88.2,-3.4,-7.4,-7.8,0.1,16909
TrevorWilliams,Pirates,26,44,0,2,4,0,4.50%,38.60%,0,0.316,0.167,0.211,0.167,0.174,1,84.4,0,-5.8,5.4,0.1,16977
RyanZimmerman,Nationals,52,190,6,20,27,0,8.90%,20.50%,0.158,0.297,0.257,0.321,0.415,0.313,89,91.4,0.7,-2.1,-3.1,0.1,4220
KyleHendricks,Cubs,31,64,0,1,5,0,3.10%,45.30%,0.019,0.32,0.148,0.193,0.167,0.165,-6,86,0,-9,7.9,0.1,12049
SonnyGray,Reds,34,60,0,3,3,0,3.30%,31.70%,0.043,0.259,0.152,0.188,0.196,0.169,-6,84.8,0,-8.4,7.4,0.1,12768
BeauTaylor,- - -,11,30,2,3,2,0,13.30%,23.30%,0.24,0.125,0.16,0.3,0.4,0.303,92,89.7,0,-0.4,0.3,0.1,12384
KevinCron,Diamondbacks,39,78,6,12,16,0,5.10%,35.90%,0.31,0.237,0.211,0.269,0.521,0.321,96,89.9,-0.5,-0.9,-0.7,0.1,16211
RichHill,Dodgers,13,20,0,0,1,0,5.00%,45.00%,0.056,0.333,0.167,0.211,0.222,0.192,16,69.8,0,-2.2,2.5,0.1,4806
PabloLopez,Marlins,22,36,0,1,3,0,0.00%,52.80%,0.057,0.375,0.171,0.171,0.229,0.169,1,88.8,0,-4.7,4.4,0.1,17085
CorySpangenberg,Brewers,32,102,2,11,10,3,5.90%,35.30%,0.126,0.351,0.232,0.277,0.358,0.267,60,85.1,0.6,-4.8,2.4,0.1,12294
RossStripling,Dodgers,32,24,0,1,1,0,8.30%,29.20%,0,0.231,0.15,0.227,0.15,0.181,9,79.5,0,-2.9,3,0.1,13273
MattThaiss,Angels,53,164,8,17,23,0,10.40%,31.70%,0.211,0.264,0.211,0.293,0.422,0.303,89,89.1,-1.6,-3.8,-1.2,0.1,19318
MaxScherzer,Nationals,29,61,0,6,2,2,0.00%,44.30%,0,0.357,0.182,0.182,0.182,0.158,-13,87.2,0.4,-8.7,7.5,0.1,3137
JeffHoffman,Rockies,18,24,0,2,1,0,0.00%,37.50%,0,0.417,0.238,0.238,0.238,0.207,7,81.3,0,-2.9,3,0.1,17432
TrevorBauer,- - -,34,22,0,1,0,0,9.10%,54.50%,0,0.429,0.158,0.238,0.158,0.19,7,87.1,0,-2.7,2.7,0.1,12703
RobelGarcia,Cubs,31,80,5,8,11,0,8.80%,43.80%,0.292,0.303,0.208,0.275,0.5,0.315,93,89.8,0.2,-0.6,-1.3,0.1,13167
TannerRoark,- - -,31,34,1,2,2,0,0.00%,38.20%,0.121,0.211,0.152,0.152,0.273,0.175,-2,85.3,0,-4.6,4.2,0.1,8753
GregAllen,Indians,89,256,4,30,27,8,4.30%,20.70%,0.117,0.28,0.229,0.29,0.346,0.274,63,87.3,0.6,-11.4,3,0.1,16623
RyanLaMarre,Twins,14,26,2,3,3,1,11.50%,19.20%,0.261,0.188,0.217,0.308,0.478,0.329,104,86.1,-0.2,-0.1,-0.2,0.1,10700
JorgeBonifacio,Royals,5,21,0,3,3,0,4.80%,33.30%,0.15,0.538,0.35,0.381,0.5,0.372,132,89.2,-0.3,0.5,-0.7,0.1,12174
VinceVelasquez,Phillies,35,36,1,2,3,0,5.60%,25.00%,0.1,0.3,0.233,0.281,0.333,0.267,60,84.7,0,-1.9,1.3,0.1,11189
JhoulysChacin,- - -,25,25,1,2,1,0,4.00%,40.00%,0.125,0.154,0.125,0.16,0.25,0.175,-1,88.2,0,-3.3,3.1,0.1,2608
MichaelPerez,Rays,22,55,0,6,2,0,14.50%,34.50%,0.109,0.37,0.217,0.345,0.326,0.303,91,92.5,-0.4,-1.1,-0.3,0.1,12977
ReneRivera,Mets,9,20,1,2,3,0,15.00%,20.00%,0.176,0.25,0.235,0.35,0.412,0.331,108,87.6,0.1,0.3,-0.5,0,3648
MichaelWacha,Cardinals,29,39,0,3,3,0,0.00%,53.80%,0.028,0.4,0.167,0.167,0.194,0.155,-10,81.9,0,-5.7,4.8,0,14078
ZachDavies,Brewers,35,55,0,3,3,0,1.80%,45.50%,0.038,0.296,0.154,0.17,0.192,0.157,-12,82.6,0,-8.1,6.8,0,13183
GarrettStubbs,Astros,19,39,0,8,2,1,10.30%,17.90%,0.086,0.25,0.2,0.282,0.286,0.254,57,84.8,1,-1.2,0.2,0,18067
TylerO'Neill,Cardinals,60,151,5,18,16,1,6.60%,35.10%,0.149,0.386,0.262,0.311,0.411,0.308,91,89.1,0.1,-1.7,-2.9,0,15711
DomingoSantana,Mariners,121,507,21,63,69,8,9.90%,32.30%,0.188,0.347,0.253,0.329,0.441,0.326,107,89,0.5,4.8,-22.4,0,10348
MallexSmith,Mariners,134,566,6,70,37,46,7.40%,24.90%,0.108,0.302,0.227,0.3,0.335,0.278,74,85.2,8.5,-10.5,-9.3,0,13608
ColeTucker,Pirates,56,159,2,16,13,0,6.30%,25.20%,0.15,0.276,0.211,0.266,0.361,0.264,61,87.9,0.9,-7.3,2.5,0,17326
ColeHamels,Cubs,27,46,0,1,4,0,2.20%,32.60%,0.024,0.214,0.143,0.178,0.167,0.155,-12,84.6,0,-6.8,5.7,0,4972
JakeArrieta,Phillies,24,50,0,2,4,0,2.00%,38.00%,0.022,0.269,0.156,0.174,0.178,0.155,-13,87,0,-7.5,6.1,0,4153
NoahSyndergaard,Mets,32,69,2,6,2,0,4.30%,68.10%,0.108,0.25,0.092,0.132,0.2,0.144,-15,88.2,0,-10.4,8.5,0,11762
JoshRojas,Diamondbacks,41,157,2,17,16,4,11.50%,26.10%,0.094,0.295,0.217,0.312,0.312,0.279,68,89,-0.8,-7.4,2.6,0,19734
DereckRodriguez,Giants,29,29,0,1,0,0,0.00%,58.60%,0,0.417,0.172,0.172,0.172,0.15,-12,85.4,0,-4.3,3.6,0,14509
ErickMejia,Royals,9,27,0,3,4,0,14.80%,25.90%,0.045,0.313,0.227,0.333,0.273,0.276,67,80.7,0,-1.2,0.4,0,15817
CalebJoseph,Diamondbacks,20,41,0,5,3,0,2.40%,24.40%,0.053,0.286,0.211,0.25,0.263,0.227,34,87,0.2,-3.4,2.2,0,7087
ChristianArroyo,Rays,16,57,2,8,7,0,8.80%,31.60%,0.16,0.3,0.22,0.304,0.38,0.296,86,84.4,0.1,-1,-1,0,16434
ChrisArcher,Pirates,23,41,0,1,2,0,7.30%,46.30%,0,0.25,0.114,0.184,0.114,0.146,-17,83,0,-6.3,5,0,6345
MichaelATaylor,Nationals,53,97,1,10,3,6,7.20%,35.10%,0.114,0.396,0.25,0.305,0.364,0.289,73,91.5,1.6,-1.9,-1.2,0,11489
TyFrance,Padres,69,201,7,20,24,0,4.50%,24.40%,0.168,0.279,0.234,0.294,0.402,0.296,83,88.9,-3.5,-8,1.5,0,17982
JakeLamb,Diamondbacks,78,226,6,26,30,1,14.20%,24.30%,0.16,0.234,0.193,0.323,0.353,0.297,80,90.7,1.5,-4.5,-2.8,0,13329
TzuWeiLin,Red Sox,13,22,0,3,1,1,9.10%,27.30%,0.1,0.286,0.2,0.273,0.3,0.252,48,83,0,-1.5,0.7,0,14678
BillyMcKinney,Blue Jays,84,276,12,37,28,0,6.90%,26.40%,0.207,0.25,0.215,0.274,0.422,0.291,79,86.7,-0.4,-7.6,-2.2,0,15654
JoseOsuna,Pirates,95,285,10,41,36,0,6.30%,16.80%,0.192,0.285,0.264,0.31,0.456,0.32,97,89.2,-1.3,-2.5,-6.8,0,12937
ZachEflin,Phillies,32,52,0,3,2,0,0.00%,51.90%,0.02,0.348,0.16,0.16,0.18,0.146,-19,81.9,0,-8.2,6.4,0,13774
LukeWeaver,Diamondbacks,13,21,1,2,4,0,0.00%,52.40%,0.158,0.125,0.105,0.1,0.263,0.14,-23,91.2,0,-3.4,2.6,0,16918
DerekFisher,- - -,57,167,7,23,17,5,12.60%,34.10%,0.185,0.244,0.185,0.287,0.37,0.285,76,92.3,0.1,-5.1,-1,0,16192
IldemaroVargas,Diamondbacks,92,211,6,25,24,1,4.30%,11.40%,0.144,0.279,0.269,0.299,0.413,0.3,82,87.1,-0.5,-5.5,-1.5,0,13324
TylerBeede,Giants,25,43,0,2,1,0,7.00%,53.50%,0,0.267,0.105,0.171,0.105,0.135,-21,81.7,0,-6.9,5.3,0,16981
RajaiDavis,Mets,29,26,1,4,8,0,3.80%,19.20%,0.2,0.211,0.2,0.231,0.4,0.262,63,87,-0.1,-1.4,0.3,0,3708
KelvinGutierrez,Royals,20,79,1,4,11,1,6.30%,30.40%,0.096,0.367,0.26,0.304,0.356,0.284,72,90.2,0.3,-2.6,-0.5,0,17468
JasonMartin,Pirates,20,40,0,5,2,2,10.00%,25.00%,0.056,0.346,0.25,0.325,0.306,0.282,72,91,1.6,0.1,-1.7,0,16429
DallasKeuchel,Braves,19,41,0,0,2,0,2.40%,68.30%,0.026,0.5,0.132,0.154,0.158,0.138,-25,84.2,0,-6.8,5,0,9434
DinelsonLamet,Padres,14,24,0,1,0,0,0.00%,45.80%,0,0.3,0.143,0.143,0.143,0.124,-30,81.3,0,-4.1,3,0,17186
TrevorRichards,- - -,31,34,0,2,0,0,5.90%,52.90%,0,0.25,0.1,0.156,0.1,0.125,-28,85.2,0,-5.8,4.2,0,19309
JoeRoss,Nationals,28,20,0,1,0,0,5.00%,50.00%,0,0.222,0.105,0.15,0.105,0.121,-37,87.3,0,-3.6,2.5,0,12972
RyanCourt,Mariners,12,25,1,1,5,0,4.00%,44.00%,0.167,0.333,0.208,0.24,0.375,0.258,61,81,0.2,-1.1,-0.4,-0.1,12268
MasonWilliams,Orioles,11,34,0,4,2,1,8.80%,17.60%,0.033,0.32,0.267,0.324,0.3,0.276,67,87.6,0.7,-0.8,-1,-0.1,11859
ErickFedde,Nationals,21,20,0,1,0,0,0.00%,30.00%,0,0.222,0.133,0.133,0.133,0.116,-40,81.5,0,-3.7,2.5,-0.1,17425
WilfredoTovar,Angels,31,88,0,5,5,0,5.70%,17.00%,0.06,0.235,0.193,0.239,0.253,0.217,31,86.6,0.6,-7.2,3.5,-0.1,10416
KyleFreeland,Rockies,22,31,0,1,0,0,9.70%,48.40%,0,0.25,0.087,0.192,0.087,0.147,-32,93.6,0,-5.4,3.8,-0.1,16256
JBShuck,Pirates,27,57,0,4,2,1,14.00%,17.50%,0.043,0.27,0.213,0.339,0.255,0.279,70,86.7,0.2,-2,-0.4,-0.1,6677
JoeyRickard,- - -,68,189,3,14,10,4,9.50%,26.50%,0.131,0.304,0.226,0.312,0.357,0.29,78,84.8,0.6,-4.8,-2.3,-0.1,13277
WalkerBuehler,Dodgers,30,66,1,5,2,0,6.10%,50.00%,0.051,0.16,0.085,0.143,0.136,0.13,-25,88.1,0,-10.9,8.1,-0.1,19374
GregBird,Yankees,10,41,1,6,1,0,14.60%,39.00%,0.086,0.278,0.171,0.293,0.257,0.254,54,85.3,0.3,-2.1,0,-0.1,14131
AnthonyAlford,Blue Jays,16,30,1,3,1,2,3.30%,36.70%,0.107,0.25,0.179,0.233,0.286,0.228,36,86.1,0.7,-1.8,0,-0.1,14329
DomNunez,Rockies,16,43,2,4,4,0,7.00%,39.50%,0.231,0.238,0.179,0.233,0.41,0.264,44,87.5,0.4,-2.8,0.6,-0.1,15055
ShaunAnderson,Giants,28,28,0,0,0,0,0.00%,67.90%,0.04,0.333,0.08,0.115,0.12,0.108,-39,85.6,0,-5.2,3.4,-0.1,19453
KyleFarmer,Reds,97,197,9,22,27,4,5.10%,29.90%,0.18,0.284,0.23,0.279,0.41,0.289,73,85.4,1.6,-5.5,-1.7,-0.1,14813
ErikGonzalez,Pirates,53,156,1,15,6,4,5.80%,23.70%,0.063,0.333,0.254,0.301,0.317,0.262,59,87.4,-0.2,-8.6,2.7,-0.1,13369
AramisGarcia,Giants,18,46,2,5,5,0,8.70%,45.70%,0.167,0.211,0.143,0.217,0.31,0.217,32,87.4,0,-4.1,1.8,-0.1,16925
AdrianHouser,Brewers,35,27,0,0,0,0,7.40%,63.00%,0.045,0.2,0.045,0.125,0.091,0.108,-44,92.9,0,-5.1,3.3,-0.1,12718
ChaseAnderson,Brewers,33,44,0,1,1,0,4.50%,54.50%,0.025,0.25,0.1,0.143,0.125,0.124,-34,84,0,-7.8,5.4,-0.1,6895
JosePirela,- - -,14,24,1,1,2,0,8.30%,29.20%,0.182,0.214,0.182,0.25,0.364,0.262,60,86.4,-0.3,-1.7,-0.1,-0.1,5485
MilesMikolas,Cardinals,32,62,0,1,2,0,0.00%,43.50%,0.017,0.25,0.136,0.136,0.153,0.124,-30,81.6,0,-10.6,7.6,-0.1,9803
TaylorDavis,Cubs,7,20,1,2,4,0,10.00%,20.00%,0.167,0.154,0.167,0.25,0.333,0.253,52,87,0.1,-1.2,-0.5,-0.1,12782
RangelRavelo,Cardinals,29,43,2,4,7,0,7.00%,27.90%,0.205,0.231,0.205,0.256,0.41,0.276,70,93.8,-0.7,-2.4,0,-0.1,10839
EricLauer,Padres,30,48,0,1,0,0,2.10%,47.90%,0.05,0.235,0.1,0.122,0.15,0.119,-34,84,0,-8.5,5.9,-0.1,19316
BrandonDixon,Tigers,118,420,15,41,52,5,5.00%,32.40%,0.187,0.336,0.248,0.29,0.435,0.303,86,89.6,1.1,-6.4,-9.5,-0.1,15214
GordonBeckham,Tigers,83,240,6,29,15,3,5.40%,28.30%,0.157,0.282,0.215,0.271,0.372,0.274,66,86.2,-0.1,-10.4,0.8,-0.1,9015
ZacGallen,- - -,15,24,0,2,1,0,0.00%,33.30%,0,0.182,0.105,0.105,0.105,0.092,-52,84.2,0,-4.8,3,-0.1,19291
JeffSamardzija,Giants,32,56,0,1,1,0,0.00%,53.60%,0.04,0.3,0.12,0.12,0.16,0.118,-33,88.1,0,-9.8,6.9,-0.1,3254
NickDini,Royals,20,64,2,11,6,0,6.30%,28.10%,0.161,0.243,0.196,0.27,0.357,0.269,62,89.7,-0.1,-3.2,-0.1,-0.1,18206
MichaelLorenzen,Reds,105,53,1,6,6,5,9.40%,32.10%,0.104,0.3,0.208,0.283,0.313,0.262,56,96.5,0.1,-3,0.2,-0.1,14843
WilliCastro,Tigers,30,110,1,10,8,0,5.50%,30.90%,0.11,0.333,0.23,0.284,0.34,0.27,63,84.7,-1.4,-6.5,1.5,-0.1,17338
TravisJankowski,Padres,25,24,0,4,0,2,8.30%,16.70%,0,0.222,0.182,0.25,0.182,0.202,21,79.4,-0.2,-2.7,0.7,-0.1,13768
LoganMorrison,Phillies,29,38,2,5,3,0,7.90%,26.30%,0.2,0.217,0.2,0.263,0.4,0.28,69,87.7,-0.3,-1.9,-0.6,-0.1,9205
JonathanDavis,Blue Jays,37,95,2,8,6,3,5.30%,25.30%,0.084,0.224,0.181,0.266,0.265,0.24,45,84.6,1.1,-5.6,1,-0.1,15104
JesusAguilar,- - -,131,369,12,39,50,0,11.70%,22.00%,0.153,0.272,0.236,0.325,0.389,0.307,88,89.4,-1.9,-7.6,-5.9,-0.1,11342
PhilGosselin,Phillies,44,68,0,5,7,0,4.40%,23.50%,0.046,0.347,0.262,0.294,0.308,0.263,58,88.6,0.6,-3.2,-0.3,-0.1,10953
NickPivetta,Phillies,30,27,0,1,0,0,3.70%,70.40%,0,0.333,0.08,0.115,0.08,0.093,-53,85.7,0,-5.5,3.3,-0.1,15454
ScottHeineman,Rangers,25,85,2,8,7,1,10.60%,23.50%,0.16,0.264,0.213,0.306,0.373,0.295,72,87.4,-1.2,-4.2,-0.1,-0.1,14453
ElieserHernandez,Marlins,21,24,0,0,0,0,4.20%,41.70%,0,0.111,0.053,0.1,0.053,0.078,-59,80.1,0,-5,3,-0.1,16933
AdamJones,Diamondbacks,137,528,16,66,67,2,5.90%,19.10%,0.155,0.296,0.26,0.313,0.414,0.308,87,86.1,-2,-10.9,-7.5,-0.1,6368
JacePeterson,Orioles,29,108,2,14,11,4,5.60%,22.20%,0.11,0.267,0.22,0.269,0.33,0.258,55,88.4,1.6,-4.7,-0.5,-0.1,12325
MattAdams,Nationals,111,333,20,42,56,0,6.00%,34.50%,0.239,0.284,0.226,0.276,0.465,0.306,84,88.6,-1.2,-8.1,-4.1,-0.1,9393
CarlosGomez,Mets,34,99,3,10,10,4,7.10%,30.30%,0.14,0.259,0.198,0.278,0.337,0.268,67,88.1,0.1,-4.2,-0.4,-0.1,4881
RafaelOrtega,Braves,34,96,2,7,10,3,8.30%,22.90%,0.102,0.25,0.205,0.271,0.307,0.254,51,86.6,1.2,-5.1,0.5,-0.1,10323
DarioAgrazal,Pirates,15,24,0,0,2,0,0.00%,37.50%,0,0.143,0.091,0.087,0.091,0.076,-63,86.3,0,-5.2,3,-0.1,15821
RyonHealy,Mariners,47,187,7,24,26,0,7.00%,21.40%,0.219,0.262,0.237,0.289,0.456,0.308,94,89.6,-2.3,-3.7,-4.4,-0.1,15447
JordanYamamoto,Marlins,16,26,0,0,1,0,3.80%,34.60%,0,0.083,0.048,0.091,0.048,0.071,-63,83,0,-5.6,3.2,-0.2,17585
ChrisPaddack,Padres,26,46,0,3,2,0,0.00%,41.30%,0,0.217,0.119,0.119,0.119,0.104,-44,84,0,-8.7,5.7,-0.2,20099
GerardoParra,- - -,119,301,9,38,48,8,6.30%,19.60%,0.157,0.264,0.234,0.293,0.391,0.288,74,86.2,-1.4,-11.7,0.4,-0.2,8553
MikeLeake,- - -,32,24,0,0,1,0,4.20%,45.80%,0,0.1,0.048,0.091,0.048,0.071,-69,69.6,0,-5.4,3,-0.2,10130
KalebCowart,Angels,9,26,0,1,1,1,3.80%,26.90%,0.12,0.222,0.16,0.192,0.28,0.2,20,83,-0.3,-3,0.4,-0.2,11494
TylerMahle,Reds,27,41,0,4,0,0,2.40%,46.30%,0.029,0.2,0.088,0.114,0.118,0.104,-48,88.4,0,-8,5,-0.2,16358
TimFederowicz,Rangers,29,83,4,6,7,1,6.00%,37.30%,0.187,0.2,0.16,0.213,0.347,0.236,32,90.4,0.2,-7,2.4,-0.2,8609
JaredWalsh,Angels,34,87,1,6,5,0,6.90%,40.20%,0.127,0.349,0.203,0.276,0.329,0.259,60,91.3,0.2,-4.3,-0.4,-0.2,18607
JoshFuentes,Rockies,24,56,3,8,7,1,1.80%,35.70%,0.182,0.281,0.218,0.232,0.4,0.262,43,84.5,0.6,-3.6,0.1,-0.2,16885
CharlieTilson,White Sox,54,157,1,16,12,4,6.40%,24.20%,0.056,0.305,0.229,0.293,0.285,0.256,57,86.8,3.2,-5.4,-1.9,-0.2,12983
CalQuantrill,Padres,23,30,0,1,1,0,3.30%,20.00%,0,0.105,0.08,0.115,0.08,0.093,-50,78.3,-0.4,-6.4,3.7,-0.2,19312
JordanLyles,- - -,28,48,0,3,4,0,2.10%,58.30%,0,0.235,0.089,0.128,0.089,0.104,-45,81.2,0,-9.2,5.9,-0.2,7593
LaMonteWadeJr,Twins,26,69,2,10,5,0,15.90%,13.00%,0.179,0.2,0.196,0.348,0.375,0.32,98,88.7,0,-0.2,-4,-0.2,18126
JoshNaylor,Padres,94,279,8,29,32,1,9.00%,22.90%,0.154,0.302,0.249,0.315,0.403,0.306,89,89.6,-0.1,-4.1,-6.8,-0.2,18839
NickMartini,- - -,32,109,1,8,7,0,12.80%,23.90%,0.097,0.299,0.226,0.33,0.323,0.291,80,87.6,0.9,-2,-3.5,-0.2,12005
DanielMurphy,Rockies,132,478,13,56,78,1,6.70%,15.50%,0.174,0.307,0.279,0.328,0.452,0.328,86,86.3,-0.8,-9.4,-7.9,-0.2,4316
ClaytonKershaw,Dodgers,29,65,0,1,1,0,1.50%,24.60%,0.02,0.152,0.102,0.12,0.122,0.108,-39,83.4,0,-12,8,-0.2,2036
AnthonyBemboom,- - -,25,56,1,2,4,0,1.80%,37.50%,0.074,0.188,0.13,0.145,0.204,0.149,-15,83.7,0.1,-8.1,4.3,-0.2,13854
GregoryPolanco,Pirates,42,167,6,23,17,3,7.20%,29.30%,0.183,0.316,0.242,0.301,0.425,0.305,87,89.6,0.2,-2.6,-4.8,-0.2,12907
JoseTrevino,Rangers,40,126,2,18,13,0,2.40%,21.40%,0.125,0.312,0.258,0.272,0.383,0.274,59,86.8,-3.7,-10.3,3.9,-0.2,16725
WilmerDifo,Nationals,43,144,2,15,8,0,8.30%,20.10%,0.061,0.31,0.252,0.315,0.313,0.27,60,83.9,-0.3,-7.9,1.2,-0.2,14320
DrewSmyly,- - -,25,20,0,1,0,0,5.00%,45.00%,0,0,0,0.05,0,0.035,-91,83.9,0,-5.1,2.5,-0.2,11760
JesusSucre,Orioles,21,67,0,3,3,0,6.00%,19.40%,0.032,0.265,0.21,0.269,0.242,0.231,37,88,-0.4,-5.9,1.5,-0.2,5942
ChanceSisco,Orioles,59,198,8,29,20,0,11.10%,30.80%,0.186,0.276,0.21,0.333,0.395,0.319,96,89.5,-0.4,-1.5,-7.5,-0.2,15694
MikeSoroka,Braves,29,63,0,2,3,0,3.20%,34.90%,0,0.133,0.077,0.143,0.077,0.112,-42,79.1,0,-11.8,7.7,-0.2,18383
MarkZagunis,Cubs,30,40,0,2,5,0,10.00%,40.00%,0.083,0.45,0.25,0.325,0.333,0.291,77,86.2,-0.3,-1.6,-1.8,-0.2,16565
JoseUrena,Marlins,25,22,0,1,0,0,4.50%,63.60%,0,0,0,0.05,0,0.035,-87,74,0,-5.4,2.7,-0.2,11589
JackMayfield,Astros,26,65,2,8,5,0,1.50%,24.60%,0.172,0.174,0.156,0.169,0.328,0.204,23,85.6,0.6,-5.8,1.4,-0.2,15402
JustinUpton,Angels,63,256,12,34,40,1,12.50%,30.50%,0.201,0.261,0.215,0.309,0.416,0.307,92,87.2,-0.4,-3,-8.2,-0.2,5222
DavidFreitas,- - -,17,20,0,2,1,0,20.00%,25.00%,0,0.091,0.067,0.25,0.067,0.182,5,85.5,-0.3,-2.8,0.1,-0.2,10619
JaCobyJones,Tigers,88,333,11,39,26,7,8.10%,28.20%,0.195,0.304,0.235,0.31,0.43,0.311,92,91.6,1,-2.6,-11.3,-0.2,14818
IanKinsler,Padres,87,281,9,28,22,2,6.80%,19.20%,0.151,0.24,0.217,0.278,0.368,0.277,70,84.3,-3.2,-14.3,3.1,-0.2,6195
SandyAlcantara,Marlins,32,63,0,2,4,0,1.60%,73.00%,0.017,0.417,0.086,0.117,0.103,0.102,-43,84.1,0,-11.9,7.7,-0.2,18684
DustinPeterson,Tigers,17,47,0,3,6,1,4.30%,29.80%,0.091,0.333,0.227,0.277,0.318,0.259,56,84.5,-0.7,-3.3,-0.5,-0.2,15189
AndrewKnizner,Cardinals,18,58,2,7,7,2,6.90%,24.10%,0.151,0.27,0.226,0.293,0.377,0.289,78,88.1,-0.2,-1.9,-2.1,-0.2,19514
GioGonzalez,Brewers,19,28,0,1,0,0,3.60%,60.70%,0,0.125,0.04,0.077,0.04,0.06,-76,76.9,0,-6.5,3.4,-0.2,7448
MaxMoroff,Indians,20,35,1,3,4,1,5.70%,45.70%,0.125,0.2,0.125,0.176,0.25,0.185,3,90.4,0.9,-3.5,0.1,-0.2,14556
YairoMunoz,Cardinals,88,181,2,20,13,8,3.90%,20.40%,0.087,0.328,0.267,0.298,0.355,0.281,73,84.7,-0.2,-6.7,-1.4,-0.2,16313
MarcusStroman,- - -,32,25,0,2,0,0,0.00%,52.00%,0,0.1,0.043,0.043,0.043,0.038,-83,85.6,0,-6.1,3.1,-0.2,13431
RichardUrena,Blue Jays,30,80,0,4,4,0,2.50%,28.80%,0.081,0.353,0.243,0.273,0.324,0.258,57,86.7,-0.7,-5.2,0.1,-0.2,16411
HanleyRamirez,Indians,16,57,2,4,8,0,14.00%,29.80%,0.143,0.233,0.184,0.298,0.327,0.278,66,88.9,-0.1,-2.6,-1.6,-0.2,8001
KevanSmith,Angels,67,211,5,21,20,2,7.60%,17.50%,0.141,0.287,0.251,0.318,0.393,0.305,91,89.5,-1.8,-4.2,-5.5,-0.2,12284
AdrianSanchez,Nationals,28,32,0,3,1,0,3.10%,31.30%,0,0.333,0.226,0.25,0.226,0.212,22,87.2,0.3,-3,-0.3,-0.2,11338
GarrettHampson,Rockies,105,327,8,40,27,15,7.30%,26.90%,0.137,0.322,0.247,0.302,0.385,0.292,63,85.8,4.2,-11.8,-1,-0.2,19262
NickyLopez,Royals,103,402,2,44,30,1,4.50%,12.70%,0.084,0.273,0.24,0.276,0.325,0.26,56,85,-0.6,-23.3,6.9,-0.2,19339
RyanCordell,White Sox,97,247,7,22,24,3,7.70%,27.90%,0.134,0.287,0.221,0.29,0.355,0.279,73,88.9,0.1,-8.4,-2.6,-0.2,15181
YuChengChang,Indians,28,84,1,8,6,0,13.10%,26.20%,0.096,0.24,0.178,0.286,0.274,0.254,50,87.9,-1.3,-6.8,1.5,-0.2,14773
RyanFlaherty,Indians,14,22,0,4,1,0,0.00%,31.80%,0.095,0.214,0.143,0.143,0.238,0.157,-16,96.1,0.2,-3.1,-0.1,-0.2,7888
PatrickCorbin,Nationals,33,72,0,3,4,0,4.20%,37.50%,0.015,0.158,0.092,0.132,0.108,0.112,-43,81.9,0,-13.6,8.9,-0.2,9323
SandyLeon,Red Sox,65,191,5,14,19,0,6.80%,24.60%,0.105,0.231,0.192,0.251,0.297,0.239,40,85.4,-0.2,-15,5.8,-0.2,5273
HernanPerez,Brewers,91,246,8,29,18,5,4.50%,26.80%,0.151,0.283,0.228,0.262,0.379,0.271,62,88.5,-1.8,-14.1,3.7,-0.2,5751
AnibalSanchez,Nationals,30,56,0,1,1,0,0.00%,42.90%,0,0.214,0.115,0.115,0.115,0.1,-51,78.6,0,-11.1,6.9,-0.2,3284
AlexYoung,Diamondbacks,17,25,0,1,0,0,0.00%,72.00%,0,0.143,0.04,0.04,0.04,0.035,-92,73,0,-6.3,3.1,-0.2,18333
DrewPomeranz,- - -,46,20,0,0,0,0,0.00%,65.00%,0,0,0,0,0,0,-100,85.6,0,-5.6,2.5,-0.2,11426
WilliansAstudillo,Twins,58,204,4,28,21,0,2.50%,3.90%,0.111,0.258,0.268,0.299,0.379,0.288,76,85.9,-2.4,-8.6,-1,-0.2,15608
JulioTeheran,Braves,35,60,0,1,4,0,0.00%,40.00%,0.018,0.188,0.109,0.107,0.127,0.099,-50,84.2,0,-11.9,7.4,-0.3,6797
TaylorWard,Angels,20,48,1,4,2,0,12.50%,47.90%,0.143,0.389,0.19,0.292,0.333,0.275,71,91.7,0,-1.8,-2.5,-0.3,17548
HaroldCastro,Tigers,97,369,5,30,38,4,2.40%,23.30%,0.093,0.367,0.291,0.305,0.384,0.292,79,87.3,0.8,-9.3,-6.4,-0.3,14691
AndrewVelazquez,- - -,15,24,0,3,0,1,4.20%,54.20%,0.087,0.2,0.087,0.125,0.174,0.13,-30,92.1,0.3,-3.7,0.2,-0.3,14196
YuDarvish,Cubs,31,62,0,1,3,0,3.20%,50.00%,0,0.192,0.089,0.119,0.089,0.097,-50,89.4,0,-12.3,7.6,-0.3,13074
NickHundley,Athletics,31,73,2,5,5,0,2.70%,24.70%,0.157,0.24,0.2,0.233,0.357,0.248,53,84.6,-2.2,-6.5,1.3,-0.3,3376
KevinGausman,- - -,31,27,0,1,0,0,0.00%,66.70%,0,0.111,0.037,0.037,0.037,0.032,-94,74.5,0,-6.9,3.3,-0.3,14107
ChiChiGonzalez,Rockies,14,24,0,0,2,0,0.00%,62.50%,0,0.111,0.042,0.042,0.042,0.036,-100,83.9,0,-6.5,3,-0.3,14663
AnthonyDeSclafani,Reds,31,57,0,0,1,0,0.00%,49.10%,0,0.222,0.109,0.109,0.109,0.095,-54,89.5,0,-11.6,7,-0.3,13050
DJStewart,Orioles,44,142,4,15,15,1,9.90%,18.30%,0.143,0.268,0.238,0.317,0.381,0.299,82,87.9,-1,-4.2,-3.6,-0.3,17766
MattWieters,Cardinals,67,183,11,15,27,1,6.60%,25.70%,0.22,0.223,0.214,0.268,0.435,0.292,81,88.8,-0.8,-5.5,-3.2,-0.3,4298
MarkTrumbo,Orioles,12,31,0,1,3,0,6.50%,16.10%,0.103,0.208,0.172,0.226,0.276,0.218,28,90,-0.3,-3.2,-0.8,-0.3,6876
ChrisHerrmann,Athletics,30,94,1,9,8,0,9.60%,30.90%,0.071,0.296,0.202,0.28,0.274,0.248,53,88.7,-0.3,-5.9,-0.3,-0.3,9284
AustinAllen,Padres,34,71,0,4,3,0,8.50%,29.60%,0.062,0.318,0.215,0.282,0.277,0.23,39,84.2,-0.2,-5.9,0.7,-0.3,18083
JasonVargas,- - -,30,45,0,0,0,0,0.00%,48.90%,0,0.167,0.075,0.075,0.075,0.065,-68,80.1,0,-10,5.5,-0.3,8044
PatValaika,Rockies,40,86,1,11,4,0,8.10%,39.50%,0.127,0.318,0.19,0.256,0.316,0.248,34,88.8,0.4,-7.1,1.2,-0.3,14885
MattDuffy,Rays,46,169,1,12,12,0,11.20%,17.20%,0.075,0.305,0.252,0.343,0.327,0.299,88,87,-2,-4.7,-4.4,-0.3,13836
AustinWynns,Orioles,28,74,1,8,5,0,4.10%,18.90%,0.057,0.255,0.214,0.247,0.271,0.226,33,87,0.4,-5.9,0.2,-0.3,15271
YangervisSolarte,Giants,28,78,1,9,7,0,5.10%,20.50%,0.11,0.25,0.205,0.247,0.315,0.236,44,82.9,-0.2,-6,0.3,-0.3,5352
IanDesmond,Rockies,140,482,20,64,65,3,7.10%,24.70%,0.223,0.304,0.255,0.31,0.479,0.328,86,90.9,-1.7,-10.4,-8.3,-0.3,6885
DakotaHudson,Cardinals,33,59,0,1,2,0,0.00%,40.70%,0,0.148,0.078,0.096,0.078,0.081,-58,83.5,0,-12.3,7.3,-0.3,19206
ChrisShaw,Giants,16,20,0,0,0,0,10.00%,40.00%,0,0.1,0.056,0.15,0.056,0.113,-36,93.4,0.2,-3.4,-0.4,-0.3,17738
DanielRobertson,Rays,74,237,2,23,19,2,10.10%,24.90%,0.082,0.288,0.213,0.312,0.295,0.275,71,87.7,-2.9,-11.6,0,-0.3,14145
PatrickWisdom,Rangers,9,28,0,1,1,0,3.60%,53.60%,0.038,0.364,0.154,0.185,0.192,0.167,-14,94.3,0,-4.1,-0.1,-0.3,13602
MaxStassi,- - -,51,147,1,7,5,0,8.20%,33.30%,0.03,0.202,0.136,0.211,0.167,0.177,5,89.3,-1.4,-19.2,10.8,-0.3,10059
MikeFoltynewicz,Braves,21,38,0,1,1,0,0.00%,50.00%,0,0.125,0.057,0.057,0.057,0.05,-83,78.9,0,-9.2,4.7,-0.3,10811
JoseQuintana,Cubs,32,63,0,2,3,0,0.00%,42.90%,0.019,0.185,0.093,0.093,0.111,0.087,-57,81.4,0,-13.1,7.7,-0.3,11423
RonaldGuzman,Rangers,87,295,10,34,36,1,10.80%,29.50%,0.195,0.282,0.219,0.308,0.414,0.306,80,85.6,-4.1,-11.7,-2.1,-0.3,14388
ZackCollins,White Sox,27,102,3,10,12,0,13.70%,38.20%,0.163,0.295,0.186,0.307,0.349,0.285,77,90.7,-0.4,-3.3,-3.7,-0.3,19181
BryanHoladay,Marlins,43,129,4,12,12,0,8.50%,16.30%,0.157,0.308,0.278,0.344,0.435,0.326,104,88.3,-3.6,-2.9,-4.7,-0.3,11287
MiguelCabrera,Tigers,136,549,12,41,59,0,8.70%,19.70%,0.116,0.336,0.282,0.346,0.398,0.318,96,90.3,-6.3,-9,-13.9,-0.3,1744
LukeMaile,Blue Jays,45,129,2,9,9,1,6.20%,25.60%,0.084,0.19,0.151,0.205,0.235,0.194,14,84.7,1.4,-12.9,4.9,-0.3,13355
LuisCastillo,Reds,32,66,0,3,0,0,0.00%,48.50%,0.016,0.2,0.097,0.097,0.113,0.09,-58,79.3,0,-13.7,8.1,-0.3,15689
JoeyLucchesi,Padres,30,54,0,0,1,0,1.90%,66.70%,0,0.25,0.063,0.082,0.063,0.067,-67,82,0,-11.9,6.6,-0.3,19320
ErikKratz,- - -,21,53,1,1,3,0,3.80%,26.40%,0.102,0.118,0.102,0.17,0.204,0.169,-1,85.7,-0.3,-7.2,1.8,-0.4,4403
DustinPedroia,Red Sox,6,21,0,1,1,0,4.80%,9.50%,0,0.111,0.1,0.143,0.1,0.116,-44,85.6,-0.1,-4,-0.5,-0.4,8370
TravisDemeritte,Tigers,48,186,3,24,10,3,7.50%,33.90%,0.118,0.337,0.225,0.286,0.343,0.272,65,91.1,1.2,-7.1,-3.2,-0.4,15958
JakeBauers,Indians,117,423,12,46,43,3,10.60%,27.20%,0.145,0.29,0.226,0.312,0.371,0.296,78,88.1,1,-10.8,-8,-0.4,15194
OdubelHerrera,Phillies,39,139,1,12,16,2,7.90%,23.70%,0.119,0.29,0.222,0.288,0.341,0.272,64,88,0.5,-6.1,-2.1,-0.4,11476
EricHosmer,Padres,160,667,22,72,99,0,6.00%,24.40%,0.16,0.323,0.265,0.31,0.425,0.309,91,90.8,-5.2,-13.1,-12.4,-0.4,3516
JonGray,Rockies,27,59,0,1,1,0,5.10%,37.30%,0,0.12,0.064,0.12,0.064,0.094,-67,77.2,0,-13,7.3,-0.4,14916
TylerSaladino,Brewers,28,71,2,7,8,2,7.00%,36.60%,0.092,0.162,0.123,0.197,0.215,0.187,7,88.2,0.7,-8,1.8,-0.4,10807
AlbertPujols,Angels,131,545,23,55,93,3,7.90%,12.50%,0.185,0.238,0.244,0.305,0.43,0.308,93,88.3,-4.4,-9.3,-13.9,-0.4,1177
JustinBour,Angels,52,170,8,18,26,0,10.00%,30.60%,0.192,0.196,0.172,0.259,0.364,0.267,65,89.3,-1.3,-8.9,-1.1,-0.4,9744
GorkysHernandez,Red Sox,20,57,0,5,2,1,8.80%,24.60%,0.102,0.194,0.143,0.218,0.245,0.204,15,80.5,0.5,-5.7,-0.4,-0.4,4146
OrlandoArcia,Brewers,152,546,15,51,59,8,7.90%,20.00%,0.128,0.253,0.223,0.283,0.35,0.269,61,87.9,0.9,-27.3,5.4,-0.4,13185
MikeGerber,Giants,12,26,0,0,0,0,7.70%,57.70%,0.042,0.111,0.042,0.115,0.083,0.1,-45,90.2,0.2,-4.8,-0.3,-0.4,16115
JaylinDavis,Giants,17,47,1,2,3,1,6.40%,23.40%,0.071,0.2,0.167,0.255,0.238,0.227,39,87.9,-0.8,-4.6,-1.1,-0.4,19552
RobbieRay,Diamondbacks,34,60,0,1,3,0,0.00%,46.70%,0,0.148,0.073,0.073,0.073,0.063,-73,79.5,0,-13.7,7.4,-0.4,11486
IsaacGalloway,Marlins,19,54,0,6,1,2,0.00%,31.50%,0.019,0.243,0.167,0.167,0.185,0.151,-11,85.6,0.9,-7,0.8,-0.4,5238
MarcoHernandez,Red Sox,61,155,2,18,11,1,1.90%,27.10%,0.088,0.337,0.25,0.279,0.338,0.266,58,86.7,-1.3,-9.8,-0.2,-0.4,13154
PeterO'Brien,Marlins,14,47,1,2,4,1,8.50%,40.40%,0.095,0.273,0.167,0.255,0.262,0.234,43,91.9,0.4,-3.1,-2.9,-0.4,13288
YadielRivera,Marlins,34,66,0,8,3,2,9.10%,30.30%,0.033,0.275,0.183,0.258,0.217,0.218,33,89.3,1,-4.9,-1.8,-0.4,11863
BobbyBradley,Indians,15,49,1,4,4,0,8.20%,40.80%,0.178,0.292,0.178,0.245,0.356,0.256,51,91.9,-0.5,-3.6,-2.8,-0.4,17278
KevinKramer,Pirates,22,50,0,5,5,0,12.00%,34.00%,0.024,0.259,0.167,0.26,0.19,0.212,26,86.4,-0.2,-5,-1.3,-0.5,17689
TomasNido,Mets,50,144,4,9,14,0,4.90%,25.70%,0.125,0.232,0.191,0.231,0.316,0.227,40,87.4,-2.4,-13.8,4.4,-0.5,13755
BlakeSwihart,- - -,43,99,4,13,13,0,6.10%,36.40%,0.141,0.212,0.163,0.222,0.304,0.228,34,85.6,0.4,-8.2,0.1,-0.5,13176
AlenHanson,Blue Jays,18,48,0,5,4,1,6.30%,35.40%,0,0.259,0.163,0.229,0.163,0.174,0,82,0.4,-5.8,-0.8,-0.5,12926
BubbaStarling,Royals,56,197,4,26,12,2,4.60%,28.40%,0.102,0.286,0.215,0.255,0.317,0.247,47,81.8,1.2,-12.1,0.2,-0.5,13356
ScooterGennett,- - -,42,139,2,15,11,0,1.40%,29.50%,0.098,0.304,0.226,0.245,0.323,0.241,44,86.3,-0.1,-10.3,0.8,-0.5,10339
MaikelFranco,Phillies,123,428,17,48,56,0,8.40%,14.30%,0.175,0.236,0.234,0.297,0.409,0.281,70,89.1,-3.2,-20.3,1.5,-0.5,12179
JakeElmore,Pirates,20,49,0,3,4,0,4.10%,16.30%,0.021,0.256,0.213,0.245,0.234,0.213,27,86.6,-0.6,-5.3,-1.3,-0.5,7290
StevenDuggar,Giants,73,281,4,26,28,1,5.70%,27.80%,0.107,0.313,0.234,0.278,0.341,0.265,64,85.7,-1,-14.4,0.3,-0.5,17719
MattSkole,White Sox,27,80,0,7,6,0,8.80%,38.80%,0.028,0.357,0.208,0.275,0.236,0.232,41,82,0.2,-5.9,-2.1,-0.5,12119
NickyDelmonico,White Sox,21,68,1,6,6,0,5.90%,36.80%,0.079,0.324,0.206,0.265,0.286,0.243,49,87,-0.3,-4.7,-2.8,-0.5,13157
AntonioSenzatela,Rockies,25,46,0,2,3,0,2.20%,52.20%,0,0.063,0.025,0.049,0.025,0.038,-100,89.2,0,-12.4,5.7,-0.5,15488
CarterKieboom,Nationals,11,43,2,4,2,0,9.30%,37.20%,0.154,0.143,0.128,0.209,0.282,0.204,17,90.9,0.2,-4.5,-2.2,-0.5,19958
PeterBourjos,Angels,26,46,0,4,2,2,2.20%,32.60%,0.023,0.133,0.091,0.109,0.114,0.098,-49,85.1,0.5,-8.3,1.3,-0.5,2578
JohanCamargo,Braves,98,248,7,31,32,1,6.00%,17.30%,0.151,0.258,0.233,0.279,0.384,0.279,67,86.9,0.5,-10.2,-3.2,-0.5,14950
TonyWolters,Rockies,121,411,1,42,42,0,8.80%,16.50%,0.067,0.314,0.262,0.337,0.329,0.29,62,85.3,-1.5,-22.3,3.5,-0.5,11470
DrewButera,Rockies,16,49,0,6,3,0,8.20%,28.60%,0.07,0.233,0.163,0.229,0.233,0.206,7,84.6,-0.7,-6.8,-0.3,-0.5,3411
ChrisIannetta,Rockies,52,164,6,20,21,0,11.00%,32.90%,0.194,0.306,0.222,0.311,0.417,0.303,70,92.1,-2.2,-8.6,-2.2,-0.5,8267
JonathanLucroy,- - -,101,328,8,30,36,0,8.20%,15.50%,0.123,0.253,0.232,0.305,0.355,0.286,77,86.9,-5.8,-15.6,-1.3,-0.5,7870
MerrillKelly,Diamondbacks,32,60,0,3,2,0,3.30%,41.70%,0,0.037,0.019,0.056,0.019,0.042,-87,84.5,0,-14.8,7.4,-0.5,11156
PabloReyes,Pirates,71,157,2,18,19,1,8.30%,22.90%,0.119,0.257,0.203,0.274,0.322,0.26,58,88.2,1.8,-7,-3.7,-0.5,16357
MacWilliamson,- - -,40,144,4,13,17,2,9.70%,30.60%,0.102,0.2,0.156,0.25,0.258,0.23,41,85.4,-0.4,-11.4,0.9,-0.5,14158
BradenBishop,Mariners,27,60,0,3,4,0,5.00%,35.00%,0,0.171,0.107,0.153,0.107,0.124,-31,83.1,0,-10,2.3,-0.5,17806
AJReed,White Sox,14,49,1,1,4,0,8.20%,42.90%,0.068,0.217,0.136,0.204,0.205,0.185,9,88.3,0,-5.7,-1.6,-0.5,16246
FranklinBarreto,Athletics,23,58,2,6,5,1,1.70%,39.70%,0.14,0.156,0.123,0.138,0.263,0.166,-2,89,0.8,-6.8,-0.9,-0.6,15519
MikieMahtook,Tigers,9,25,0,0,0,0,8.00%,44.00%,0,0,0,0.08,0,0.055,-82,88.6,0,-5.8,-0.8,-0.6,13130
RosellHerrera,Marlins,63,119,2,10,11,4,9.20%,22.70%,0.114,0.25,0.2,0.288,0.314,0.263,63,87.9,1.1,-4.7,-4.9,-0.6,11611
LeonysMartin,Indians,65,264,9,32,19,4,8.00%,29.50%,0.144,0.255,0.199,0.276,0.343,0.269,60,87.3,0.6,-12.9,-2.3,-0.6,11846
CarlosGonzalez,- - -,45,166,3,21,10,0,10.80%,31.30%,0.083,0.283,0.2,0.289,0.283,0.254,51,87.6,-0.9,-11.5,-0.3,-0.6,7287
BobbyWilson,Tigers,15,47,0,2,2,0,4.30%,23.40%,0.023,0.121,0.091,0.13,0.114,0.113,-42,78.2,-0.1,-8.7,0.9,-0.6,6564
JosePeraza,Reds,141,403,6,37,33,7,4.20%,14.40%,0.106,0.268,0.239,0.285,0.346,0.272,62,84.9,-1,-21.2,2.1,-0.6,13593
BrandonDrury,Blue Jays,120,447,15,43,41,0,5.60%,25.30%,0.163,0.259,0.218,0.262,0.38,0.271,66,86.9,1.6,-18.1,-3.9,-0.6,11615
JakeRogers,Tigers,35,128,4,11,8,0,10.20%,39.80%,0.134,0.175,0.125,0.222,0.259,0.216,27,83,-1.2,-13.2,2.5,-0.6,19452
CorbanJoseph,- - -,28,68,1,5,7,0,4.40%,17.60%,0.094,0.173,0.156,0.191,0.25,0.189,14,87.3,-0.5,-8.2,-0.5,-0.6,5503
YonathanDaza,Rockies,44,105,0,7,3,1,6.70%,20.00%,0.031,0.26,0.206,0.257,0.237,0.221,17,84.5,0.4,-11.1,1.3,-0.6,15794
DawelLugo,Tigers,77,288,6,28,26,0,2.80%,20.50%,0.136,0.288,0.245,0.271,0.381,0.272,65,87,-1.9,-14.8,-1.8,-0.6,14713
JTRiddle,Marlins,51,139,6,15,12,0,3.60%,30.20%,0.182,0.226,0.189,0.23,0.371,0.25,54,88.9,-0.2,-8.7,-2.2,-0.6,17642
JoshHarrison,Tigers,36,147,1,10,8,4,4.10%,18.40%,0.088,0.207,0.175,0.218,0.263,0.208,22,86.3,-0.6,-15.3,3.6,-0.6,8202
ScottSchebler,Reds,30,95,2,11,7,0,14.70%,28.40%,0.099,0.154,0.123,0.253,0.222,0.223,30,86.5,-1.2,-10,0.3,-0.6,12225
JoseRondon,- - -,56,157,3,10,9,0,7.00%,24.20%,0.084,0.245,0.196,0.263,0.28,0.241,47,87.3,-0.8,-11.4,-0.8,-0.6,14140
BrendanRodgers,Rockies,25,81,0,8,7,0,4.90%,33.30%,0.026,0.347,0.224,0.272,0.25,0.234,25,86.9,0.5,-7.6,-1.7,-0.6,17907
SteveWilkerson,Orioles,119,361,10,41,35,3,6.10%,29.90%,0.158,0.3,0.225,0.286,0.383,0.286,73,86.3,-0.1,-12.3,-7.1,-0.6,16041
JeddGyorko,- - -,62,101,2,6,9,2,8.90%,23.80%,0.076,0.212,0.174,0.248,0.25,0.224,36,85.8,-0.5,-9.1,-1,-0.7,10816
HumbertoArteaga,Royals,41,135,0,11,4,1,5.90%,20.70%,0.033,0.255,0.197,0.258,0.23,0.221,30,84.5,0.6,-11.5,-0.3,-0.7,13595
EricStamets,Indians,15,48,0,4,2,0,10.40%,50.00%,0.024,0.111,0.049,0.149,0.073,0.118,-42,86.3,-0.5,-9.2,0.5,-0.7,13795
SocratesBrito,Blue Jays,17,43,0,5,2,0,9.30%,39.50%,0.051,0.136,0.077,0.163,0.128,0.14,-23,88,-0.3,-7.1,-1.9,-0.7,12944
MelkyCabrera,Pirates,133,397,7,43,47,2,4.30%,10.30%,0.119,0.3,0.28,0.313,0.399,0.301,85,88.2,-1.9,-9.9,-10.5,-0.7,4022
AlbertAlmoraJr,Cubs,130,363,12,41,32,2,4.40%,17.10%,0.145,0.255,0.236,0.271,0.381,0.271,64,86.3,-0.7,-18.1,-1.1,-0.7,14109
TylerWhite,- - -,83,279,3,18,23,0,12.90%,28.00%,0.096,0.29,0.208,0.308,0.304,0.274,71,86,-1.3,-11.8,-5.5,-0.7,15564
AustinDean,Marlins,64,189,6,17,21,0,4.80%,24.90%,0.18,0.27,0.225,0.261,0.404,0.276,71,88.7,-0.3,-7.6,-6.1,-0.7,18288
CedricMullinsII,Orioles,22,74,0,7,4,1,5.40%,18.90%,0.063,0.118,0.094,0.181,0.156,0.159,-12,84.2,0.5,-10.1,-0.2,-0.8,17929
JakeFraley,Mariners,12,41,0,3,1,0,0.00%,34.10%,0.05,0.231,0.15,0.171,0.2,0.162,-5,83.4,0.4,-5.1,-4.2,-0.8,19260
ChrisOwings,- - -,67,196,3,13,14,5,7.10%,39.80%,0.094,0.222,0.139,0.209,0.233,0.198,13,86.9,0.8,-21,6.1,-0.8,10030
JuanLagares,Mets,133,285,5,38,27,4,7.70%,26.30%,0.112,0.279,0.213,0.279,0.326,0.258,60,88.3,-0.5,-15.5,-1.7,-0.8,5384
KeonBroxton,- - -,100,228,6,24,16,10,8.80%,45.60%,0.108,0.292,0.167,0.242,0.275,0.229,38,88.1,0,-18.2,2.3,-0.8,9253
DwightSmithJr,Orioles,101,392,13,46,53,5,6.60%,20.90%,0.171,0.274,0.241,0.297,0.412,0.299,83,89.1,-0.8,-9.5,-12.5,-0.8,13473
MarkReynolds,Rockies,78,162,4,13,20,2,13.60%,35.20%,0.141,0.247,0.17,0.29,0.311,0.267,47,88.9,-0.9,-12.2,-1.2,-0.8,7619
MattKemp,Reds,20,62,1,4,5,0,1.60%,30.60%,0.083,0.268,0.2,0.21,0.283,0.208,20,87.3,-0.3,-6.9,-3.3,-0.8,5631
KendrysMorales,- - -,53,201,2,16,12,0,12.90%,12.90%,0.059,0.217,0.194,0.313,0.253,0.264,63,91.3,-1.8,-11.4,-4,-0.8,8610
TravisShaw,Brewers,86,270,7,22,16,0,13.30%,33.00%,0.113,0.216,0.157,0.281,0.27,0.248,47,89.1,-0.4,-19.2,2.1,-0.8,11982
DanielDescalso,Cubs,82,194,2,20,15,2,11.90%,29.40%,0.077,0.245,0.173,0.271,0.25,0.238,42,88.8,-0.7,-15.6,0.9,-0.8,8392
CheslorCuthbert,Royals,87,330,9,24,40,1,5.80%,20.30%,0.133,0.288,0.246,0.294,0.379,0.287,74,88.8,-2.5,-13.3,-7.1,-0.8,10473
SamTravis,Red Sox,59,157,6,17,16,2,7.00%,22.90%,0.167,0.243,0.215,0.274,0.382,0.273,62,89.2,-2.1,-9.6,-4.9,-0.9,16263
JonJay,White Sox,47,182,0,12,9,0,4.40%,16.50%,0.048,0.324,0.267,0.311,0.315,0.275,70,83.1,0.4,-6.5,-9,-0.9,5227
GraysonGreiner,Tigers,58,224,5,18,19,0,5.80%,31.30%,0.106,0.276,0.202,0.251,0.308,0.242,45,86.6,-0.4,-16.3,-1,-0.9,17062
StevePearce,Red Sox,29,99,1,9,9,0,7.10%,31.30%,0.079,0.259,0.18,0.245,0.258,0.224,29,88.5,-0.8,-9.8,-3,-0.9,9957
JungHoKang,Pirates,65,185,10,15,24,0,5.90%,32.40%,0.227,0.184,0.169,0.222,0.395,0.256,55,92.2,-0.8,-11.7,-3.7,-0.9,17182
ZackCozart,Angels,38,107,0,4,7,0,4.70%,15.00%,0.021,0.143,0.124,0.178,0.144,0.15,-14,85.9,0.2,-15.5,2.2,-0.9,2616
RaimelTapia,Rockies,138,447,9,54,44,9,4.70%,22.40%,0.141,0.341,0.275,0.309,0.415,0.307,73,87.6,-0.2,-16.4,-7.6,-0.9,14350
AaronAltherr,- - -,49,66,1,8,3,0,4.50%,37.90%,0.082,0.111,0.082,0.136,0.164,0.135,-23,85.3,0.1,-10.6,-1,-0.9,11270
MeibrysViloria,Royals,42,148,1,7,15,0,6.80%,29.70%,0.075,0.293,0.211,0.259,0.286,0.236,40,87.5,-1.9,-13.2,-1.6,-0.9,17109
NickWilliams,Phillies,67,112,2,9,5,0,3.60%,38.40%,0.094,0.23,0.151,0.196,0.245,0.193,12,86.7,0.6,-12.4,-0.8,-0.9,14330
KhrisDavis,Athletics,133,533,23,61,73,0,8.80%,27.40%,0.166,0.264,0.22,0.293,0.387,0.289,81,90.2,-2.2,-15.2,-13.5,-1,9112
LucasDuda,Royals,39,119,4,7,15,0,9.20%,26.90%,0.152,0.197,0.171,0.252,0.324,0.245,46,91.5,-1.8,-10.1,-4,-1,2502
RichieMartinJr,Orioles,120,309,6,29,23,10,4.50%,26.90%,0.113,0.272,0.208,0.26,0.322,0.252,50,83.2,-1.1,-20.7,-0.3,-1,17736
EduardoNunez,Red Sox,60,174,2,13,20,5,2.30%,15.50%,0.078,0.257,0.228,0.243,0.305,0.233,35,88,-1,-15.4,-1.1,-1,6848
WelingtonCastillo,White Sox,72,251,12,19,41,0,6.40%,29.50%,0.209,0.247,0.209,0.267,0.417,0.287,78,89.5,-4.8,-11.9,-7.4,-1,3256
RyanO'Hearn,Royals,105,370,14,32,38,0,10.50%,26.80%,0.174,0.23,0.195,0.281,0.369,0.278,68,90.5,-1.2,-16.1,-7.3,-1,16442
IsiahKinerFalefa,Rangers,65,222,1,23,21,3,6.30%,22.10%,0.084,0.307,0.238,0.299,0.322,0.272,57,87.2,0.5,-11.7,-6.7,-1,16512
MiguelAndujar,Yankees,12,49,0,1,1,0,2.00%,22.40%,0,0.162,0.128,0.143,0.128,0.121,-36,83.6,-0.6,-9.1,-3.2,-1,15878
JohnHicks,Tigers,95,333,13,29,35,1,3.90%,32.70%,0.169,0.273,0.21,0.24,0.379,0.259,56,87.9,-3.8,-22.4,-1.3,-1.2,12547
YonderAlonso,- - -,121,335,10,34,37,0,11.60%,20.90%,0.147,0.224,0.199,0.296,0.346,0.277,66,88.1,-3.7,-18.1,-6.1,-1.2,2530
MartinPrado,Marlins,104,260,2,26,15,0,4.60%,15.80%,0.061,0.268,0.233,0.265,0.294,0.243,49,87,-2.3,-19.7,-1.2,-1.2,3312
IsanDiaz,Marlins,49,201,5,17,23,0,9.50%,29.40%,0.134,0.224,0.173,0.259,0.307,0.248,53,88.5,-2.9,-15.4,-4,-1.2,17922
ChristinStewart,Tigers,104,416,10,32,40,0,8.20%,24.80%,0.154,0.29,0.233,0.305,0.388,0.294,79,86.9,-3.1,-14,-13.6,-1.2,17714
ChrisDavis,Orioles,105,352,12,26,36,0,11.10%,39.50%,0.147,0.27,0.179,0.276,0.326,0.263,58,89.1,0.1,-18.8,-7.3,-1.3,9272
DanielPalka,White Sox,30,93,2,4,4,0,8.60%,37.60%,0.071,0.149,0.107,0.194,0.179,0.174,2,87.4,-0.5,-12.1,-5,-1.3,14897
CurtisGranderson,Marlins,138,363,12,44,34,0,11.30%,27.00%,0.174,0.22,0.183,0.281,0.356,0.275,70,88.8,-6.3,-20.4,-5.6,-1.4,4747
EliasDiaz,Pirates,101,332,2,31,28,0,6.90%,16.90%,0.066,0.286,0.241,0.296,0.307,0.265,61,88.1,-1,-17.9,-8,-1.5,11680
LewisBrinson,Marlins,75,248,0,15,15,1,5.20%,29.80%,0.049,0.255,0.173,0.236,0.221,0.205,25,87,-1.2,-25.9,0.6,-1.7,14352
JeffMathis,Rangers,88,244,2,17,12,1,6.10%,35.70%,0.066,0.243,0.158,0.209,0.224,0.19,2,86.1,-0.7,-31.3,0.9,-2.1,3448
