Rk,Player,PA,R_prod,WAR/pos,dWAR,oWAR,WPA,BtRuns,Year,Age,Tm,Lg,G,AB,R,H,2B,3B,HR,RBI,BB,IBB,SO,HBP,SH,SF,GDP,SB,CS,BA,OBP,SLG,OPS,Pos
1,Marcus Semien\semiema01,747,182,8.9,2.2,7.5,2.261,38,2019,28,OAK,AL,162,657,123,187,43,7,33,92,87,2,102,2,0,1,11,10,8,.285,.369,.522,.892,*6
2,Whit Merrifield\merriwh01,735,163,3.7,0.3,3.3,-0.498,11,2019,30,KCR,AL,162,681,105,206,41,10,16,74,45,5,126,5,0,4,8,20,10,.302,.348,.463,.811,*498/D37
3,Ronald Acuna Jr.\acunaro01,715,187,5.7,0.9,4.8,4.282,20,2019,21,ATL,NL,156,626,127,175,22,2,41,101,76,4,188,9,0,1,8,37,9,.280,.365,.518,.883,*879/H
4,Jonathan Villar\villajo01,714,160,3.9,-0.1,4.8,0.239,8,2019,28,BAL,AL,162,642,111,176,33,5,24,73,61,0,176,4,2,4,8,40,9,.274,.339,.453,.792,*4*6/HD
5,Mookie Betts\bettsmo01,706,186,6.9,1.2,5.2,4.041,35,2019,26,BOS,AL,150,597,135,176,40,5,29,80,97,6,101,3,0,9,11,16,3,.295,.391,.524,.915,*98/DH
6,Rhys Hoskins\hoskirh01,705,142,1.6,-1.1,1.8,-0.011,12,2019,26,PHI,NL,160,570,86,129,33,5,29,85,116,6,173,11,0,6,10,2,2,.226,.364,.454,.819,*3/D
7,Jorge Polanco\polanjo01,704,164,4.8,0.2,5.4,1.366,20,2019,25,MIN,AL,153,631,107,186,40,7,22,79,60,2,116,4,2,7,11,4,3,.295,.356,.485,.841,*6D/H
8,Ozzie Albies\albieoz01,702,164,5.2,1.4,4.3,1.144,13,2019,22,ATL,NL,160,640,102,189,43,8,24,86,54,6,112,4,0,4,2,15,4,.295,.352,.500,.852,*4/H
9,Rafael Devers\deverra01,702,212,4.9,-0.5,5.8,2.076,31,2019,22,BOS,AL,156,647,129,201,54,4,32,115,48,7,119,4,1,2,8,8,8,.311,.361,.555,.916,*5/H6D
10,Eduardo Escobar\escobed01,699,177,3.6,0.3,3.7,0.462,8,2019,30,ARI,NL,158,636,94,171,29,10,35,118,50,3,130,3,0,10,8,5,1,.269,.320,.511,.831,*54/HD
11,Xander Bogaerts\bogaexa01,698,194,5.9,-0.4,7.1,4.398,39,2019,26,BOS,AL,155,614,110,190,52,0,33,117,76,2,122,2,0,6,11,4,2,.309,.384,.555,.939,*6/HD
12,José Abreu\abreujo02,693,175,2.0,-1.6,2.7,2.394,18,2019,32,CHW,AL,159,634,85,180,38,1,33,123,36,4,152,13,0,10,24,2,2,.284,.330,.503,.834,*3D
13,Pete Alonso\alonspe01,693,170,5.2,-1.3,5.7,3.534,42,2019,24,NYM,NL,161,597,103,155,30,2,53,120,72,6,183,21,0,3,13,1,0,.260,.358,.583,.941,*3/HD
14,Freddie Freeman\freemfr01,692,196,4.0,-0.9,4.1,4.396,34,2019,29,ATL,NL,158,597,113,176,34,2,38,121,87,11,127,6,0,2,17,6,3,.295,.389,.549,.938,*3/H
15,Alex Bregman\bregmal01,690,193,9.1,1.9,7.7,4.028,57,2019,25,HOU,AL,156,554,122,164,37,2,41,112,119,2,83,9,0,8,9,5,1,.296,.423,.592,1.015,*56/D
16,Carlos Santana\santaca01,686,169,4.6,-0.7,4.5,3.402,34,2019,33,CLE,AL,158,573,110,161,30,1,34,93,108,12,108,3,0,2,13,4,0,.281,.397,.515,.911,*3D
17,Paul Goldschmidt\goldspa01,682,160,2.4,-1.0,2.6,2.859,12,2019,31,STL,NL,161,597,97,155,25,1,34,97,78,2,166,2,0,3,11,3,1,.260,.346,.476,.821,*3/H
18,Bryce Harper\harpebr03,682,177,4.3,0.3,3.5,4.586,24,2019,26,PHI,NL,157,573,98,149,36,1,35,114,99,11,178,6,0,4,10,15,3,.260,.372,.510,.882,*9/HD
19,Trey Mancini\mancitr01,679,168,3.5,-1.4,4.1,1.839,32,2019,27,BAL,AL,154,602,106,175,38,2,35,97,63,3,143,9,0,5,22,1,0,.291,.364,.535,.899,*93D/7H
20,Jorge Soler\solerjo01,679,164,3.6,-1.8,4.3,1.706,33,2019,27,KCR,AL,162,589,95,156,33,1,48,117,73,3,178,10,0,4,16,3,1,.265,.354,.569,.922,*D9/H
21,Starlin Castro\castrst01,676,132,1.4,0.7,1.2,-0.004,-6,2019,29,MIA,NL,162,636,68,172,31,4,22,86,28,2,111,3,0,9,23,2,2,.270,.300,.436,.736,*45/6H
22,Matt Chapman\chapmma01,670,157,8.3,3.9,4.8,3.584,23,2019,26,OAK,AL,156,583,102,145,36,3,36,91,73,0,147,11,0,3,12,1,1,.249,.342,.506,.848,*5
23,Cesar Hernandez\hernace02,667,134,1.6,0.0,2.1,-0.662,-9,2019,29,PHI,NL,161,612,77,171,31,3,14,71,45,4,100,6,0,4,9,9,2,.279,.333,.408,.741,*4/H
24,Eric Hosmer\hosmeer01,667,149,-0.2,-1.3,0.3,-0.197,-6,2019,29,SDP,NL,160,619,72,164,29,2,22,99,40,3,163,3,0,5,12,0,3,.265,.310,.425,.735,*3/HD
25,Nicholas Castellanos\casteni01,664,146,2.7,-1.5,3.5,2.018,19,2019,27,TOT,ML,151,615,100,178,58,3,27,73,41,1,143,5,0,3,12,2,2,.289,.337,.525,.863,*9D7
26,Paul DeJong\dejonpa01,664,145,5.3,3.3,2.9,-1.683,-2,2019,25,STL,NL,159,583,97,136,31,1,30,78,62,1,149,13,0,6,15,9,5,.233,.318,.444,.762,*6/H
27,Nolan Arenado\arenano01,662,179,6.7,2.0,5.0,4.009,27,2019,28,COL,NL,155,588,102,185,31,2,41,118,62,11,93,4,0,8,14,3,2,.315,.379,.583,.962,*5/H
28,Eugenio Suarez\suareeu01,662,141,3.9,-0.3,4.5,2.867,28,2019,27,CIN,NL,159,575,87,156,22,2,49,103,70,4,189,11,0,6,12,3,2,.271,.358,.572,.930,*5/HD
29,Cody Bellinger\bellico01,661,189,9.1,2.0,6.6,4.986,59,2019,23,LAD,NL,156,558,121,170,34,3,47,115,95,21,108,3,0,4,10,15,5,.305,.406,.629,1.035,*938/H
30,Manny Machado\machama01,661,134,2.6,0.1,3.0,-0.242,8,2019,26,SDP,NL,156,587,81,150,21,2,32,85,65,3,128,6,0,3,24,5,3,.256,.334,.462,.796,*56/H
31,Shin-Soo Choo\choosh01,660,130,1.5,-2.3,3.0,3.051,9,2019,36,TEX,AL,151,563,93,149,31,2,24,61,78,3,165,18,0,1,6,15,1,.265,.371,.455,.826,D97H
32,Josh Donaldson\donaljo02,659,153,6.0,1.7,4.7,1.907,25,2019,33,ATL,NL,155,549,96,142,33,0,37,94,100,2,155,8,0,2,13,4,2,.259,.379,.521,.900,*5/HD
33,Juan Soto\sotoju01,659,186,4.6,-0.7,4.8,3.401,35,2019,20,WSN,NL,150,542,110,153,32,5,34,110,108,3,132,3,0,6,11,12,1,.282,.401,.548,.949,*7
34,J.D. Martinez\martijd02,657,167,3.4,-1.6,3.9,0.528,35,2019,31,BOS,AL,146,575,98,175,33,2,36,105,72,9,138,4,0,5,19,2,0,.304,.383,.557,.939,*D97/H
35,Adam Eaton\eatonad02,656,137,1.5,-0.9,1.9,0.874,2,2019,30,WSN,NL,151,566,103,158,25,7,15,49,65,0,106,13,9,3,8,15,3,.279,.365,.428,.792,*9/H7
36,Trevor Story\storytr01,656,161,6.1,2.1,4.9,1.139,17,2019,26,COL,NL,145,588,111,173,38,5,35,85,58,0,174,7,0,3,3,23,8,.294,.363,.554,.917,*6/H
37,DJ LeMahieu\lemahdj01,655,185,5.9,0.8,5.2,3.030,31,2019,30,NYY,AL,145,602,109,197,33,2,26,102,46,0,90,2,1,4,14,5,2,.327,.375,.518,.893,*453/HD
38,Amed Rosario\rosaram01,655,132,2.4,-0.3,3.6,0.136,1,2019,23,NYM,NL,157,616,75,177,30,7,15,72,31,2,124,3,2,3,13,19,10,.287,.323,.432,.755,*6/HD7
39,Francisco Lindor\lindofr01,654,143,5.0,1.9,3.8,0.892,15,2019,25,CLE,AL,143,598,101,170,40,2,32,74,46,9,98,3,1,6,13,22,5,.284,.335,.518,.854,*6/DH
40,Tommy Pham\phamth01,654,124,3.8,-0.3,3.5,0.511,18,2019,31,TBR,AL,145,567,77,155,33,2,21,68,81,4,123,5,0,1,22,25,4,.273,.369,.450,.818,*7D/H
41,David Fletcher\fletcda02,653,126,4.5,2.2,2.7,0.704,-2,2019,25,LAA,AL,154,596,83,173,30,4,6,49,55,2,64,0,1,1,8,8,3,.290,.350,.384,.734,*5467/9H
42,Elvis Andrus\andruel01,648,141,2.0,0.6,2.2,-1.288,-20,2019,30,TEX,AL,147,600,81,165,27,4,12,72,34,1,96,4,0,10,16,31,8,.275,.313,.393,.707,*6/D
43,Michael Conforto\confomi01,648,149,3.4,-1.0,4.0,1.563,26,2019,26,NYM,NL,151,549,90,141,29,1,33,92,84,5,149,10,0,5,11,7,2,.257,.363,.494,.856,*98/H
44,Anthony Rendon\rendoan01,646,209,6.4,0.4,6.4,4.760,48,2019,29,WSN,NL,146,545,117,174,44,3,34,126,80,8,86,12,0,9,13,5,1,.319,.412,.598,1.010,*5/4
45,Kevin Pillar\pillake01,645,150,0.9,-0.3,1.5,-1.331,-10,2019,30,TOT,ML,161,611,83,158,37,3,21,88,18,4,89,9,0,7,15,14,5,.259,.287,.432,.719,*89/HD
46,Michael Brantley\brantmi02,637,156,4.8,0.5,3.7,2.992,23,2019,32,HOU,AL,148,575,88,179,40,2,22,90,51,3,66,7,0,4,21,3,2,.311,.372,.503,.875,*7D/9H
47,Charlie Blackmon\blackch02,634,166,2.1,-1.6,3.2,3.661,21,2019,32,COL,NL,140,580,112,182,42,7,32,86,40,1,104,9,0,5,11,2,5,.314,.364,.576,.940,*9/HD
48,Kris Bryant\bryankr01,634,154,3.7,-1.0,4.7,3.191,27,2019,27,CHC,NL,147,543,108,153,35,1,31,77,74,1,145,15,0,2,10,4,0,.282,.382,.521,.903,*597/D3H
49,Alex Gordon\gordoal01,633,140,1.5,-0.2,1.1,1.408,-1,2019,35,KCR,AL,150,556,77,148,31,1,13,76,51,4,100,19,1,6,13,5,3,.266,.345,.396,.741,*7/H1D
50,Kole Calhoun\calhoko01,632,133,2.4,-0.4,2.2,0.342,7,2019,31,LAA,AL,152,552,92,128,29,1,33,74,70,7,162,7,0,2,14,4,1,.232,.325,.467,.792,*9/H8
51,Yasmani Grandal\grandya01,632,128,2.4,-0.6,3.8,1.604,18,2019,30,MIL,NL,153,513,79,126,26,2,28,77,109,2,139,5,0,5,16,5,1,.246,.380,.468,.848,*23/HD
52,Randal Grichuk\grichra01,628,124,0.4,-0.8,1.0,-2.136,-8,2019,27,TOR,AL,151,586,75,136,29,5,31,80,35,0,163,5,0,2,20,2,1,.232,.280,.457,.738,*98D/H
53,Ketel Marte\marteke01,628,157,7.2,1.1,6.6,3.275,41,2019,25,ARI,NL,144,569,97,187,36,9,32,92,53,2,86,4,0,2,7,10,2,.329,.389,.592,.981,*8*46/H
54,Nick Ahmed\ahmedni01,625,142,4.3,2.4,2.8,0.007,-5,2019,29,ARI,NL,158,556,79,141,33,6,19,82,52,2,113,4,1,12,15,8,2,.254,.316,.437,.753,*6/H
55,Lorenzo Cain\cainlo01,623,112,3.0,2.4,0.9,-3.421,-15,2019,33,MIL,NL,148,562,75,146,30,0,11,48,50,0,106,6,0,4,14,18,8,.260,.325,.372,.697,*8/H
56,Leury Garcia\garcile02,618,125,1.3,-0.6,1.9,-1.615,-14,2019,28,CHW,AL,140,577,93,161,27,3,8,40,21,0,139,6,11,3,6,15,5,.279,.310,.378,.688,*8976/H4D5
57,Jean Segura\segurje01,618,127,1.5,0.2,2.1,1.402,-9,2019,29,PHI,NL,144,576,79,161,37,4,12,60,30,1,73,8,1,3,11,10,2,.280,.323,.420,.743,*6/H
58,Victor Robles\roblevi01,617,134,4.1,2.7,1.8,0.838,-10,2019,22,WSN,NL,155,546,86,139,33,3,17,65,35,3,140,25,6,5,6,28,9,.255,.326,.419,.745,*89/H
59,Brandon Belt\beltbr01,616,116,0.8,-0.8,0.8,-0.558,2,2019,31,SFG,NL,156,526,76,123,32,3,17,57,83,3,127,3,0,4,6,4,3,.234,.339,.403,.742,*3H7/9D
60,Andrew Benintendi\beninan01,615,127,1.8,-0.5,1.9,-0.624,1,2019,24,BOS,AL,138,541,72,144,40,5,13,68,59,1,140,7,3,5,6,10,3,.266,.343,.431,.774,*78/HD
61,Josh Bell\belljo02,613,173,2.7,-1.8,3.6,2.951,35,2019,26,PIT,NL,143,527,94,146,37,3,37,116,74,13,118,5,0,7,11,0,1,.277,.367,.569,.936,*3/DH
62,Anthony Rizzo\rizzoan01,613,156,3.8,-0.7,3.8,4.369,32,2019,29,CHC,NL,146,512,89,150,29,3,27,94,71,3,86,27,0,3,15,5,2,.293,.405,.520,.924,*3/H
63,Yuli Gurriel\gourryu01,612,158,3.9,-0.1,3.5,1.819,21,2019,35,HOU,AL,144,564,85,168,40,2,31,104,37,2,65,5,0,6,12,5,3,.298,.343,.541,.884,*35/4HD
64,Yasiel Puig\puigya01,611,136,1.3,-0.6,1.3,-0.855,-1,2019,28,TOT,ML,149,555,76,148,30,2,24,84,44,1,133,8,0,4,13,19,7,.267,.327,.458,.785,*9/HD
65,Kyle Schwarber\schwaky01,610,136,2.1,-1.0,2.6,0.588,16,2019,26,CHC,NL,155,529,82,132,29,3,38,92,70,5,156,5,0,6,6,2,3,.250,.339,.531,.871,*7H/D2
66,Adam Frazier\fraziad01,608,120,2.0,0.1,2.3,1.103,-1,2019,27,PIT,NL,152,554,80,154,33,7,10,50,40,4,75,9,4,1,6,5,5,.278,.336,.417,.753,*4H
67,Joey Votto\vottojo01,608,111,1.9,0.1,1.1,-0.637,0,2019,35,CIN,NL,142,525,79,137,32,1,15,47,76,2,123,4,0,3,14,5,0,.261,.357,.411,.768,*3/HD7
68,Gleyber Torres\torregl01,604,148,3.1,-0.5,4.2,0.166,21,2019,22,NYY,AL,144,546,96,152,26,0,38,90,48,3,129,3,1,6,10,5,2,.278,.337,.535,.871,*64/DH
69,Christian Walker\walkech02,603,130,3.0,0.2,2.0,0.082,9,2019,28,ARI,NL,152,529,86,137,26,1,29,73,67,6,155,6,0,1,11,8,1,.259,.348,.476,.825,*3H/D
70,Mike Trout\troutmi01,600,169,8.2,0.2,8.3,5.198,65,2019,27,LAA,AL,134,470,110,137,27,2,45,104,110,14,120,16,0,4,5,11,2,.291,.438,.645,1.083,*8D/H
71,Renato Nunez\nunezre01,599,131,0.4,-1.6,1.0,-1.360,1,2019,25,BAL,AL,151,541,72,132,24,0,31,90,44,1,143,10,0,4,9,1,1,.244,.311,.460,.771,*D3H/57
72,Max Kepler\keplema01,596,152,4.1,0.8,3.2,2.596,17,2019,26,MIN,AL,134,524,98,132,32,0,36,90,60,0,99,8,0,4,5,1,5,.252,.336,.519,.855,*98/HD
73,J.T. Realmuto\realmjt01,593,150,4.5,1.7,3.6,0.958,6,2019,28,PHI,NL,145,538,92,148,36,3,25,83,41,2,123,5,0,8,12,9,1,.275,.328,.493,.820,*2H/3D
74,Austin Meadows\meadoau01,591,139,4.0,-1.0,4.3,2.466,32,2019,24,TBR,AL,138,530,83,154,29,7,33,89,54,6,131,7,0,0,3,12,7,.291,.364,.558,.922,9D7/H8
75,Eddie Rosario\rosared01,590,168,1.7,-1.1,2.4,0.795,4,2019,27,MIN,AL,137,562,91,155,28,1,32,109,22,2,86,0,0,6,10,3,1,.276,.300,.500,.800,*79/H8D
76,Freddy Galvis\galvifr01,589,114,2.6,1.3,1.9,-2.483,-8,2019,29,TOT,ML,147,557,67,145,28,1,23,70,28,1,145,1,1,2,14,4,2,.260,.296,.438,.734,*64/HD
77,Jason Heyward\heywaja01,589,119,1.9,-0.2,1.9,-0.187,-1,2019,29,CHC,NL,147,513,78,129,20,4,21,62,68,5,110,5,0,3,12,8,3,.251,.343,.429,.772,*9*8/H
78,Max Muncy\muncyma01,589,164,5.7,1.0,4.7,4.623,26,2019,28,LAD,NL,141,487,101,122,22,1,35,98,90,1,149,8,0,4,5,4,1,.251,.374,.515,.889,435/H
79,Hunter Dozier\doziehu01,586,133,3.2,-0.4,3.6,1.846,19,2019,27,KCR,AL,139,523,75,146,29,10,26,84,55,2,148,3,0,5,9,2,2,.279,.348,.522,.870,*59D/3H
80,Starling Marte\martest01,586,156,2.9,-0.7,4.0,0.530,15,2019,30,PIT,NL,132,539,97,159,31,6,23,82,25,1,94,16,2,4,15,25,6,.295,.342,.503,.845,*8/H
81,Willy Adames\adamewi01,584,101,4.2,2.1,2.9,-1.619,-4,2019,23,TBR,AL,152,531,69,135,25,1,20,52,46,1,153,3,3,1,9,4,2,.254,.317,.418,.735,*6/H
82,Mike Moustakas\moustmi01,584,132,2.8,0.0,3.2,1.115,10,2019,30,MIL,NL,143,523,80,133,30,1,35,87,53,5,98,6,0,2,12,3,0,.254,.329,.516,.845,*54/HD
83,Rougned Odor\odorro01,581,140,0.0,0.0,0.4,-1.873,-18,2019,25,TEX,AL,145,522,77,107,30,1,30,93,52,2,178,5,1,1,4,11,9,.205,.283,.439,.721,*4/HD
84,Christian Yelich\yelicch01,580,153,7.0,-0.8,7.3,7.121,60,2019,27,MIL,NL,130,489,100,161,29,3,44,97,80,16,118,8,0,3,8,30,2,.329,.429,.671,1.100,*9/7HD8
85,Dexter Fowler\fowlede01,574,117,1.5,-0.6,1.7,0.930,1,2019,33,STL,NL,150,487,69,116,24,1,19,67,74,1,142,8,1,4,6,8,5,.238,.346,.409,.754,*98H
86,Trea Turner\turnetr01,569,134,3.3,0.4,3.6,2.172,10,2019,26,WSN,NL,122,521,96,155,37,5,19,57,43,2,113,3,0,2,10,35,5,.298,.353,.497,.850,*6
87,Jackie Bradley Jr.\bradlja02,567,110,1.9,0.3,2.0,-2.432,-8,2019,29,BOS,AL,147,494,69,111,28,3,21,62,56,3,155,12,3,2,6,8,6,.225,.317,.421,.738,*8/H9
88,Jeff McNeil\mcneije01,567,135,4.9,0.0,4.7,1.452,34,2019,27,NYM,NL,133,510,83,162,38,1,23,75,35,2,75,21,0,1,5,5,6,.318,.384,.531,.916,*7945/H
89,Mallex Smith\smithma05,566,101,-0.1,-1.0,1.0,-0.899,-18,2019,26,SEA,AL,134,510,70,116,19,9,6,37,42,0,141,11,2,1,7,46,9,.227,.300,.335,.635,*89/7HD
90,Javier Baez\baezja01,561,145,6.0,3.3,3.4,0.249,8,2019,26,CHC,NL,138,531,89,149,38,4,29,85,28,3,156,0,0,2,16,11,7,.281,.316,.531,.847,*6/HD5
91,Brandon Crawford\crawfbr01,560,106,0.2,0.2,0.7,-1.543,-17,2019,32,SFG,NL,147,500,58,114,24,2,11,59,53,5,117,3,0,4,10,3,2,.228,.304,.350,.654,*6/H
92,Yoan Moncada\moncayo01,559,137,4.8,0.0,5.1,2.285,30,2019,24,CHW,AL,132,511,83,161,34,5,25,79,40,2,154,4,1,3,1,10,3,.315,.367,.548,.915,*5/HD
93,Daniel Vogelbach\vogelda01,558,119,1.2,-1.5,1.6,1.019,10,2019,26,SEA,AL,144,462,73,96,17,0,30,76,92,2,149,2,0,2,4,0,0,.208,.341,.439,.780,*D3H
94,George Springer\springe01,556,153,6.4,1.2,5.1,1.881,35,2019,29,HOU,AL,122,479,96,140,20,3,39,96,67,1,113,6,0,4,12,6,2,.292,.383,.591,.974,*89D/H
95,Yolmer Sanchez\sanchca01,555,100,1.3,1.0,0.8,-2.420,-18,2019,27,CHW,AL,149,496,59,125,20,4,2,43,44,1,117,5,7,3,7,5,4,.252,.318,.321,.638,*4/H
96,Hanser Alberto\alberha01,550,101,2.9,0.6,2.7,-1.145,-2,2019,26,BAL,AL,139,524,62,160,21,2,12,51,16,1,50,4,3,3,9,4,4,.305,.329,.422,.751,*45/H791D
97,Brett Gardner\gardnbr01,550,132,4.1,0.7,3.5,-0.210,11,2019,35,NYY,AL,141,491,86,123,26,7,28,74,52,0,108,4,0,3,6,10,2,.251,.325,.503,.829,*87/HD
98,Josh Reddick\reddijo01,550,99,1.4,0.5,0.3,0.140,-8,2019,32,HOU,AL,141,501,57,138,19,3,14,56,36,1,66,0,1,9,9,5,2,.275,.319,.409,.728,*97H/83D
99,Miguel Cabrera\cabremi01,549,88,-0.1,-1.0,-0.1,-0.761,-2,2019,36,DET,AL,136,493,41,139,21,0,12,59,48,4,108,3,0,5,18,0,0,.282,.346,.398,.744,*D3/H
100,Marcell Ozuna\ozunama01,549,140,1.9,-0.5,2.0,0.176,5,2019,28,STL,NL,130,485,80,117,23,1,29,89,62,2,114,1,0,1,21,12,2,.241,.328,.472,.800,*7/H
101,Justin Turner\turneju01,549,120,4.1,-0.2,4.5,0.207,23,2019,34,LAD,NL,135,479,80,139,24,0,27,67,51,1,88,14,0,5,11,2,0,.290,.372,.509,.881,*5H/D4
102,Kolten Wong\wongko01,549,109,5.2,2.2,3.4,-0.525,6,2019,28,STL,NL,148,478,61,136,25,4,11,59,47,5,83,13,6,5,2,24,4,.285,.361,.423,.784,*4/H
103,Jose Altuve\altuvjo01,548,132,3.8,0.4,3.7,0.405,22,2019,29,HOU,AL,124,500,89,149,27,3,31,74,41,0,82,3,1,3,19,6,5,.298,.353,.550,.903,*4/HD6
104,Franmil Reyes\reyesfr01,548,113,0.4,-1.9,1.5,-0.658,8,2019,23,TOT,ML,150,494,69,123,19,0,37,81,47,1,156,0,0,7,15,0,0,.249,.310,.512,.822,*9DH
105,Matt Olson\olsonma02,547,128,5.4,1.3,3.5,4.702,26,2019,25,OAK,AL,127,483,73,129,26,0,36,91,51,7,138,12,0,1,11,0,0,.267,.351,.545,.896,*3
106,Orlando Arcia\arciaor01,546,95,-0.3,0.8,-0.4,-1.749,-28,2019,24,MIL,NL,152,494,51,110,16,1,15,59,43,5,109,1,2,6,15,8,5,.223,.283,.350,.633,*6/H
107,Bryan Reynolds\reynobr01,546,135,4.1,0.0,3.7,2.583,24,2019,24,PIT,NL,134,491,83,154,37,4,16,68,46,0,121,6,0,3,9,3,2,.314,.377,.503,.880,*798/H
108,Albert Pujols\pujolal01,545,125,0.5,-0.6,0.4,0.128,-4,2019,39,LAA,AL,131,491,55,120,22,0,23,93,43,1,68,3,0,8,21,3,0,.244,.305,.430,.734,*3D/H5
109,Dansby Swanson\swansda01,545,125,1.5,0.7,1.5,-1.220,-8,2019,25,ATL,NL,127,483,77,121,26,3,17,65,51,2,124,5,1,5,7,10,5,.251,.325,.422,.748,*6/H
110,Jose Ramirez\ramirjo01,542,128,3.4,0.8,2.9,0.923,5,2019,26,CLE,AL,129,482,68,123,33,3,23,83,52,3,74,2,0,6,8,24,4,.255,.327,.479,.806,*5/DH
111,Corey Seager\seageco01,541,150,3.3,0.7,3.3,0.988,11,2019,25,LAD,NL,134,489,82,133,44,1,19,87,44,3,98,4,0,4,8,1,0,.272,.335,.483,.817,*6/H
112,Ryan McMahon\mcmahry01,539,129,1.2,0.4,1.1,-0.107,-11,2019,24,COL,NL,141,480,70,120,22,1,24,83,56,1,160,1,1,1,14,5,1,.250,.329,.450,.779,*453H
113,Khris Davis\daviskh01,533,111,-0.3,-0.9,-0.5,-0.855,-13,2019,31,OAK,AL,133,481,61,106,11,0,23,73,47,3,146,3,0,2,11,0,0,.220,.293,.387,.679,*D/H7
114,Kevin Newman\newmake01,531,113,3.1,0.0,3.8,2.086,7,2019,25,PIT,NL,130,493,61,152,20,6,12,64,28,2,62,7,2,1,5,16,8,.308,.353,.446,.800,*64H/57
115,Avisail Garcia\garciav01,530,113,2.1,-0.2,1.8,-0.145,7,2019,28,TBR,AL,125,489,61,138,25,2,20,72,31,2,125,7,0,3,15,10,4,.282,.332,.464,.796,*9D8/H
116,José Iglesias\iglesjo01,530,110,1.4,1.3,0.8,0.659,-13,2019,29,CIN,NL,146,504,62,145,21,3,11,59,20,3,70,3,1,2,17,6,6,.288,.318,.407,.724,*6/H
117,Adam Jones\jonesad01,528,117,-0.6,-1.2,0.2,0.001,-10,2019,33,ARI,NL,137,485,66,126,25,1,16,67,31,2,101,8,0,3,15,2,1,.260,.313,.414,.728,*9H/8
118,Miguel Rojas\rojasmi02,526,93,1.4,0.7,1.3,-1.681,-5,2019,30,MIA,NL,132,483,52,137,29,1,5,46,32,2,62,5,1,5,15,9,5,.284,.331,.379,.710,*6/3H4
119,Wilson Ramos\ramoswi01,524,111,2.2,0.4,2.5,1.860,6,2019,31,NYM,NL,141,473,52,136,19,0,14,73,44,5,69,4,0,3,16,1,0,.288,.351,.416,.768,*2H/D
120,Nelson Cruz\cruzne02,521,148,4.4,-0.9,4.2,3.465,45,2019,38,MIN,AL,120,454,81,141,26,0,41,108,56,8,131,7,0,3,14,0,1,.311,.392,.639,1.031,*D/H
121,Christian Vazquez\vazquch01,521,115,2.3,0.6,2.3,-0.314,1,2019,28,BOS,AL,138,482,66,133,26,1,23,72,33,3,101,0,3,3,17,4,2,.276,.320,.477,.798,*2HD3/54
122,Brian Anderson\anderbr06,520,103,3.7,1.1,2.6,0.014,11,2019,26,MIA,NL,126,459,57,120,33,1,20,66,44,1,114,14,0,3,15,5,1,.261,.342,.468,.811,*59/HD
123,Tim Anderson\anderti01,518,119,3.7,-0.4,4.7,1.822,20,2019,26,CHW,AL,123,498,81,167,32,0,18,56,15,0,109,3,0,2,12,17,5,.335,.357,.508,.865,*6/HD
124,Jurickson Profar\profaju01,518,112,0.3,-0.9,1.5,0.004,-6,2019,26,OAK,AL,139,459,65,100,24,2,20,67,48,2,75,8,0,3,12,9,1,.218,.301,.410,.711,*4H/D73
125,Asdrubal Cabrera\cabreas01,514,142,0.8,-0.7,1.7,0.373,-1,2019,33,TOT,ML,131,447,69,116,25,1,18,91,57,2,103,3,0,7,9,4,0,.260,.342,.441,.783,*54/H3
126,Vladimir Guerrero Jr.\guerrvl02,514,106,1.5,-0.7,2.3,0.431,5,2019,20,TOR,AL,123,464,52,126,26,2,15,69,46,0,91,2,0,2,17,0,1,.272,.339,.433,.772,*5D/H
127,Joc Pederson\pederjo01,514,121,3.2,-0.1,2.6,1.727,17,2019,27,LAD,NL,149,450,83,112,16,3,36,74,50,2,111,12,0,2,4,1,1,.249,.339,.538,.876,*79H3/8D
128,Jason Kipnis\kipnija01,511,100,0.7,-0.1,1.1,-0.862,-11,2019,32,CLE,AL,121,458,52,112,23,1,17,65,40,2,88,2,5,6,7,7,2,.245,.304,.410,.715,*4/D
129,Danny Santana\santada01,511,134,2.0,-0.6,2.4,1.072,7,2019,28,TEX,AL,130,474,81,134,23,6,28,81,25,2,151,6,0,5,8,21,6,.283,.324,.534,.857,38479H/65D
130,Luke Voit\voitlu01,510,113,1.4,-1.8,2.4,1.637,18,2019,28,NYY,AL,118,429,72,113,21,1,21,62,71,2,142,9,0,1,12,0,0,.263,.378,.464,.842,*3D/H
131,Ryan Braun\braunry02,508,123,1.7,-0.9,2.1,1.509,11,2019,35,MIL,NL,144,459,70,131,31,2,22,75,34,1,105,8,0,3,15,11,1,.285,.343,.505,.849,*7H/D9
132,Evan Longoria\longoev01,508,108,2.5,0.8,2.0,1.710,2,2019,33,SFG,NL,129,453,59,115,19,2,20,69,43,1,112,7,0,5,14,3,1,.254,.325,.437,.762,*5H
133,Domingo Santana\santado01,507,111,0.5,-1.9,1.9,0.061,6,2019,26,SEA,AL,121,451,63,114,20,1,21,69,50,1,164,2,0,2,11,8,3,.253,.329,.441,.770,79D/H
134,Eloy Jimenez\jimenel02,504,117,1.5,-1.4,2.4,-0.024,10,2019,22,CHW,AL,122,468,69,125,18,2,31,79,30,0,134,4,0,2,11,0,0,.267,.315,.513,.828,*7/D
135,Colin Moran\moranco01,503,113,-1.1,-2.0,1.1,-0.843,-1,2019,26,PIT,NL,149,466,46,129,30,1,13,80,30,4,117,3,0,4,13,0,1,.277,.322,.429,.751,*5H4/37
136,Scott Kingery\kingesc01,500,100,2.8,1.0,2.1,-0.610,-1,2019,25,PHI,NL,126,458,64,118,34,4,19,55,34,1,147,5,1,2,3,15,4,.258,.315,.474,.788,*85674/H9
137,Justin Smoak\smoakju01,500,93,0.3,-1.3,0.8,1.337,2,2019,32,TOR,AL,121,414,54,86,16,0,22,61,79,3,106,6,0,1,11,0,0,.208,.342,.406,.748,*3D/H
138,C.J. Cron\croncj01,499,104,1.7,0.0,1.1,-1.966,1,2019,29,MIN,AL,125,458,51,116,24,0,25,78,29,3,107,10,0,2,13,0,0,.253,.311,.469,.780,*3/HD
139,Todd Frazier\frazito01,499,109,1.8,-0.2,2.3,-0.248,4,2019,33,NYM,NL,133,447,63,112,19,2,21,67,40,1,106,12,0,0,9,1,2,.251,.329,.443,.772,*5H/3D
140,Mark Canha\canhama01,497,112,4.3,-0.5,4.6,1.268,30,2019,30,OAK,AL,126,410,80,112,16,3,26,58,67,1,107,18,0,2,10,3,2,.273,.396,.517,.913,89D3H7
141,Hunter Renfroe\renfrhu01,494,95,2.7,1.6,0.5,0.030,0,2019,27,SDP,NL,140,440,64,95,19,1,33,64,46,1,154,2,0,6,6,5,0,.216,.289,.489,.778,*97H/8
142,Matt Carpenter\carpema01,492,90,1.2,0.6,0.9,-0.130,-4,2019,33,STL,NL,129,416,59,94,20,2,15,46,63,0,129,7,1,5,3,6,1,.226,.334,.392,.726,*5H/3D
143,Joe Panik\panikjo01,491,84,-0.6,-0.5,0.2,-0.139,-14,2019,28,TOT,NL,142,438,50,107,21,2,5,39,43,2,47,4,2,4,6,4,2,.244,.315,.336,.651,*4H
144,Wil Myers\myerswi01,490,93,-0.4,-1.4,0.7,-2.351,-3,2019,28,SDP,NL,155,435,58,104,22,1,18,53,51,0,168,2,1,1,12,16,7,.239,.321,.418,.739,*78H/395
145,Ji-Man Choi\choiji01,487,98,2.0,-0.6,2.0,1.219,14,2019,28,TBR,AL,127,410,54,107,20,2,19,63,64,2,108,6,0,7,7,2,3,.261,.363,.459,.822,*3HD
146,Edwin Encarnacion\encared01,486,133,2.9,-0.6,2.8,2.556,20,2019,36,TOT,AL,109,418,81,102,18,0,34,86,58,1,103,7,0,3,4,0,1,.244,.344,.531,.875,*3D/H4
147,Ian Desmond\desmoia01,482,109,-1.8,-2.2,0.4,-0.662,-10,2019,33,COL,NL,140,443,64,113,31,4,20,65,34,1,119,2,1,2,12,3,3,.255,.310,.479,.788,*87H/D1
148,Brian Dozier\doziebr01,482,84,0.7,-0.3,1.3,-0.517,-3,2019,32,WSN,NL,135,416,54,99,20,0,20,50,61,2,105,4,0,1,11,3,4,.238,.340,.430,.771,*4H/1
149,Robbie Grossman\grossro01,482,89,1.0,0.0,0.6,-0.609,-6,2019,29,OAK,AL,138,420,57,101,21,3,6,38,59,2,86,1,0,2,7,9,4,.240,.334,.348,.682,*7H9/8
150,Oscar Mercado\mercaos01,482,109,2.5,1.0,1.6,-0.633,-3,2019,24,CLE,AL,115,438,70,118,25,3,15,54,28,0,84,5,7,4,9,15,4,.269,.318,.443,.761,*87/9HD
151,Omar Narvaez\narvaom01,482,96,2.3,-0.3,3.1,0.781,13,2019,27,SEA,AL,132,428,63,119,12,0,22,55,47,1,92,4,0,3,5,0,0,.278,.353,.460,.813,*2DH/4
152,Ramon Laureano\laurera01,481,122,3.6,0.1,3.8,2.038,19,2019,24,OAK,AL,123,434,79,125,29,0,24,67,27,0,123,11,1,8,7,13,2,.288,.340,.521,.860,*89/H
153,Kevin Kiermaier\kiermke01,480,101,2.4,1.7,1.0,-0.873,-15,2019,29,TBR,AL,129,447,60,102,20,7,14,55,26,2,104,5,1,1,8,19,5,.228,.278,.398,.676,*8/HD
154,Daniel Murphy\murphda08,478,121,0.3,-0.4,0.1,0.194,-9,2019,34,COL,NL,132,438,56,122,35,1,13,78,32,1,74,2,0,4,10,1,1,.279,.328,.452,.780,*3H/D4
155,James McCann\mccanja02,476,104,3.7,1.3,3.0,-0.197,5,2019,29,CHW,AL,118,439,62,120,26,1,18,60,30,1,137,6,1,0,10,4,1,.273,.328,.460,.789,*2D/H
156,Gio Urshela\urshegi01,476,126,3.9,0.5,3.7,2.325,22,2019,27,NYY,AL,132,442,73,139,34,0,21,74,25,1,87,5,0,4,13,1,1,.314,.355,.534,.889,*5H/D37
157,Niko Goodrum\goodrni01,472,94,1.6,-0.2,1.9,-1.537,-4,2019,27,DET,AL,112,423,61,105,27,5,12,45,46,1,138,1,0,2,7,12,3,.248,.322,.421,.743,6473/89DH5
158,Nick Markakis\markani01,469,114,1.0,-0.8,1.3,0.255,0,2019,35,ATL,NL,116,414,61,118,25,2,9,62,47,1,59,2,0,6,11,2,0,.285,.356,.420,.776,*9/7HD
159,Nomar Mazara\mazarno01,469,116,0.7,-0.7,1.0,0.131,-3,2019,24,TEX,AL,116,429,69,115,27,1,19,66,28,2,108,6,0,6,5,4,1,.268,.318,.469,.786,*9/HD
160,Jorge Alfaro\alfarjo01,465,83,1.3,0.3,1.7,-1.787,-4,2019,26,MIA,NL,130,431,44,113,14,1,18,57,22,1,154,10,0,2,12,4,4,.262,.312,.425,.736,*2H/3D
161,Teoscar Hernandez\hernate01,464,97,1.2,-0.7,1.9,-0.837,2,2019,26,TOR,AL,125,417,58,96,19,2,26,65,45,1,153,1,0,1,8,6,3,.230,.306,.472,.778,*87H/D
162,Jonathan Schoop\schoojo01,464,97,1.6,0.4,1.5,-1.334,0,2019,27,MIN,AL,121,433,61,111,23,1,23,59,20,1,116,10,0,1,13,1,1,.256,.304,.473,.777,*4/HD
163,Marwin Gonzalez\gonzama01,463,92,1.8,0.9,0.7,0.954,-4,2019,30,MIN,AL,114,425,52,112,19,0,15,55,31,2,98,6,0,1,7,1,0,.264,.322,.414,.736,9537/HD46
164,Enrique Hernandez\hernaen02,460,104,2.2,1.6,0.8,-0.927,-8,2019,27,LAD,NL,130,414,57,98,19,1,17,64,36,3,97,6,0,4,9,4,0,.237,.304,.411,.715,*4H8967/35
165,Eric Thames\thameer01,459,103,1.6,-0.7,1.6,2.217,10,2019,32,MIL,NL,149,396,67,98,23,2,25,61,51,4,140,10,0,2,0,3,2,.247,.346,.505,.851,*3H9/D
166,Brian Goodwin\goodwbr01,458,95,2.2,-0.1,2.1,0.276,6,2019,28,LAA,AL,136,413,65,108,29,3,17,47,38,2,129,3,1,3,3,7,3,.262,.326,.470,.796,*78H9/D
167,J.D. Davis\davisjd01,453,100,1.0,-2.4,3.1,2.321,23,2019,26,NYM,NL,140,410,65,126,22,1,22,57,38,2,97,3,0,2,14,3,0,.307,.369,.527,.895,*7H5/D
168,Jarrod Dyson\dysonja01,452,85,1.4,1.4,0.1,-0.777,-21,2019,34,ARI,NL,130,400,65,92,11,2,7,27,47,0,86,2,1,2,1,30,4,.230,.313,.320,.633,*89H7
169,Yadier Molina\molinya01,452,92,1.3,0.8,1.2,-0.464,-9,2019,36,STL,NL,113,419,45,113,24,0,10,57,23,0,58,5,0,5,14,6,0,.270,.312,.399,.711,*2/3H5
170,Roberto Perez\perezro02,449,85,4.0,2.7,2.1,1.066,-2,2019,30,CLE,AL,119,389,46,93,9,1,24,63,45,1,127,4,7,4,12,0,0,.239,.321,.452,.774,*2/D
171,Brandon Drury\drurybr01,447,69,-1.2,-1.0,-0.1,-0.978,-19,2019,26,TOR,AL,120,418,43,91,21,1,15,41,25,0,113,1,0,3,6,0,1,.218,.262,.380,.642,*5943/76HD
172,Aaron Judge\judgeaa01,447,103,5.5,1.7,3.4,2.784,25,2019,27,NYY,AL,102,378,75,103,18,1,27,55,64,4,141,3,0,1,11,3,2,.272,.381,.540,.921,*9D/H
173,Raimel Tapia\tapiara01,447,89,-0.8,-0.8,-0.3,-1.389,-19,2019,25,COL,NL,138,426,54,117,23,5,9,44,21,0,100,0,0,0,2,9,3,.275,.309,.415,.724,*7H8/9D
174,Harold Ramirez\ramirha02,446,93,0.3,-0.9,0.9,1.148,-5,2019,24,MIA,NL,119,421,54,116,20,3,11,50,18,1,91,5,0,1,8,2,1,.276,.312,.416,.728,*798H
175,Gary Sanchez\sanchga02,446,105,3.1,0.7,2.9,-0.359,10,2019,26,NYY,AL,106,396,62,92,12,1,34,77,40,3,125,9,0,1,3,0,1,.232,.316,.525,.841,*2D/H
176,Buster Posey\poseybu01,445,74,0.9,1.0,0.6,-1.375,-8,2019,32,SFG,NL,114,405,43,104,24,0,7,38,34,1,71,4,1,1,18,0,0,.257,.320,.368,.688,*2H/3D
177,Adalberto Mondesi\mondera02,443,111,2.4,1.4,1.5,-0.616,-10,2019,23,KCR,AL,102,415,58,109,20,10,9,62,19,0,132,0,3,6,6,43,7,.263,.291,.424,.715,*6/DH
178,Kyle Seager\seageky01,443,95,2.8,0.6,2.4,0.394,7,2019,31,SEA,AL,106,393,55,94,19,1,23,63,44,0,86,4,0,2,12,2,2,.239,.321,.468,.789,*5/HD
179,Eric Sogard\sogarer01,442,86,2.6,-0.1,2.8,0.594,10,2019,33,TOT,AL,110,396,59,115,23,2,13,40,38,2,63,2,3,3,4,8,0,.290,.353,.457,.810,*4DH/9567
180,Manuel Margot\margoma01,441,84,1.8,0.7,1.3,-0.947,-10,2019,24,SDP,NL,151,398,59,93,19,3,12,37,38,1,88,2,3,0,6,20,4,.234,.304,.387,.691,*8H
181,Miguel Sano\sanomi01,439,121,3.0,-0.5,3.6,1.022,21,2019,26,MIN,AL,105,380,76,94,19,2,34,79,55,0,159,3,0,1,5,0,1,.247,.346,.576,.923,*5/3DH
182,Robinson Chirinos\chiriro01,437,98,3.8,1.7,2.8,-0.757,5,2019,35,HOU,AL,114,366,57,87,22,1,17,58,51,1,125,13,2,5,11,1,2,.238,.347,.443,.790,*2/H
183,Cavan Biggio\biggica01,430,98,2.9,-0.1,3.1,1.803,9,2019,24,TOR,AL,100,354,66,83,17,2,16,48,71,0,123,2,0,2,0,14,0,.234,.364,.429,.793,*4/39DH7
184,Maikel Franco\francma02,428,87,-0.6,-0.1,-0.3,0.321,-12,2019,26,PHI,NL,123,389,48,91,17,0,17,56,36,19,61,0,0,3,14,0,0,.234,.297,.409,.705,*5H/3
185,Shohei Ohtani\ohtansh01,425,95,2.5,-0.7,2.4,0.373,12,2019,24,LAA,AL,106,384,51,110,20,5,18,62,33,1,110,2,0,4,6,12,3,.286,.343,.505,.848,*DH
186,Andrelton Simmons\simmoan01,424,80,1.9,1.8,0.7,-1.569,-12,2019,29,LAA,AL,103,398,47,105,19,0,7,40,24,1,37,2,0,0,21,10,2,.264,.309,.364,.673,*6/HD
187,Jake Bauers\bauerja01,423,77,-0.7,-0.8,-0.5,-1.815,-12,2019,23,CLE,AL,117,372,46,84,16,1,12,43,45,0,115,3,0,3,3,3,3,.226,.312,.371,.683,7D3/H
188,Robinson Cano\canoro01,423,72,0.3,-0.5,1.0,-0.849,-1,2019,36,NYM,NL,107,390,46,100,28,0,13,39,25,3,69,5,0,3,16,0,0,.256,.307,.428,.736,*4/HD
189,David Peralta\peralda01,423,93,1.9,0.6,1.0,1.123,4,2019,31,ARI,NL,99,382,48,105,29,3,12,57,35,3,87,5,0,1,9,0,0,.275,.343,.461,.804,*7/HD
190,Garrett Cooper\coopega03,421,87,1.6,-0.3,1.4,0.444,6,2019,28,MIA,NL,107,381,52,107,16,1,15,50,33,0,110,5,0,2,10,0,0,.281,.344,.446,.791,*39/HD
191,Dee Strange-Gordon\gordode01,421,67,0.8,-0.1,1.2,-0.268,-10,2019,31,SEA,AL,117,393,36,108,12,6,3,34,18,1,61,1,3,6,8,22,5,.275,.304,.359,.663,*4/HD6
192,Brandon Dixon\dixonbr01,420,78,-0.4,-1.1,0.2,-0.469,-8,2019,27,DET,AL,117,391,41,97,20,4,15,52,21,0,136,4,0,4,5,5,1,.248,.290,.435,.725,*37DH/95418
193,Christin Stewart\stewach02,416,62,-0.3,-0.5,-0.2,-0.187,-9,2019,25,DET,AL,104,369,32,86,25,1,10,40,34,3,103,7,0,6,4,0,1,.233,.305,.388,.693,*7D/H
194,Nick Senzel\senzeni01,414,85,0.6,0.0,0.8,-0.686,-7,2019,24,CIN,NL,104,375,55,96,20,4,12,42,30,0,101,3,0,1,6,14,5,.256,.315,.427,.742,*8H/4
195,Chris Taylor\tayloch03,414,92,1.7,-0.2,1.9,0.691,5,2019,28,LAD,NL,124,366,52,96,29,4,12,52,37,3,115,4,2,5,6,8,0,.262,.333,.462,.794,76H84/59
196,David Dahl\dahlda01,413,113,0.4,-1.4,1.6,0.271,6,2019,25,COL,NL,100,374,67,113,28,5,15,61,28,0,110,4,2,5,3,4,4,.302,.353,.524,.877,879/H
197,Rio Ruiz\ruizri01,413,69,-0.2,-0.3,0.3,1.382,-11,2019,25,BAL,AL,127,370,35,86,13,2,12,46,40,0,88,0,1,2,12,0,1,.232,.306,.376,.682,*5H3/D4
198,Tony Wolters\wolteto01,411,83,1.5,2.1,0.1,-0.180,-19,2019,27,COL,NL,121,359,42,94,17,2,1,42,36,5,68,8,2,6,9,0,1,.262,.337,.329,.666,*2/H45
199,Mike Yastrzemski\yastrmi01,411,98,2.8,0.2,2.1,0.338,12,2019,28,SFG,NL,107,371,64,101,22,3,21,55,32,1,107,4,1,3,4,2,4,.272,.334,.518,.852,*7*9H/8
200,Willson Contreras\contrwi01,409,97,3.1,0.7,3.0,-0.215,13,2019,27,CHC,NL,105,360,57,98,18,2,24,64,38,2,102,9,0,2,4,1,2,.272,.355,.533,.888,*2/H397D
201,Rowdy Tellez\tellero01,409,82,0.0,-0.8,0.1,-1.224,-3,2019,24,TOR,AL,111,370,49,84,19,0,21,54,29,3,116,7,0,3,9,1,1,.227,.293,.449,.742,*3DH
202,Delino DeShields\deshide02,408,70,1.5,1.2,0.7,-0.203,-16,2019,26,TEX,AL,118,357,42,89,15,4,4,32,38,0,100,3,8,2,8,24,6,.249,.325,.347,.672,*8H/D
203,Harrison Bader\baderha01,406,81,2.1,1.5,0.8,0.161,-11,2019,25,STL,NL,128,347,54,71,14,3,12,39,46,4,117,10,1,2,3,11,3,.205,.314,.366,.680,*8H
204,Luis Rengifo\rengilu01,406,70,1.2,0.4,1.2,-0.654,-8,2019,22,LAA,AL,108,357,44,85,18,3,7,33,40,0,93,5,1,3,6,2,5,.238,.321,.364,.685,*46/H
205,Anthony Santander\santaan02,405,85,1.4,-0.2,1.3,-0.484,0,2019,24,BAL,AL,93,380,46,99,20,1,20,59,19,0,86,2,1,3,1,1,2,.261,.297,.476,.773,*978/DH
206,Jose Peraza\perazjo01,403,64,-0.9,0.4,-1.0,-2.084,-22,2019,25,CIN,NL,141,376,37,90,18,2,6,33,17,0,58,8,0,2,9,7,6,.239,.285,.346,.631,*467H/851
207,Nicky Lopez\lopezni01,402,72,0.1,0.6,-0.1,-2.505,-23,2019,24,KCR,AL,103,379,44,91,22,2,2,30,18,0,51,1,4,0,5,1,1,.240,.276,.325,.601,*46/HD
208,Melky Cabrera\cabreme01,397,83,-1.3,-2.0,0.3,-0.331,-7,2019,34,PIT,NL,133,378,43,106,22,1,7,47,17,3,41,1,1,0,14,2,0,.280,.313,.399,.713,*9H7/D
209,J.P. Crawford\crawfjp01,396,82,1.1,0.1,1.5,-0.006,-5,2019,24,SEA,AL,93,345,43,78,21,4,7,46,43,0,83,2,3,3,4,5,3,.226,.313,.371,.684,*6
210,Stephen Piscotty\piscost01,393,77,0.8,-0.1,0.6,-0.966,-3,2019,28,OAK,AL,93,357,46,89,17,1,13,44,29,0,84,3,1,3,13,2,0,.249,.309,.412,.720,*9/DH
211,Dwight Smith Jr.\smithdw02,392,86,-0.8,-1.3,0.2,-1.536,-8,2019,26,BAL,AL,101,357,46,86,16,3,13,53,26,0,82,4,1,4,8,5,1,.241,.297,.412,.708,*7H/D
212,Travis d'Arnaud\darnatr01,391,105,0.9,-0.2,1.5,0.510,-1,2019,30,TOT,ML,103,351,52,88,16,0,16,69,32,0,85,2,0,6,4,0,1,.251,.312,.433,.745,*23H/D
213,Jeimer Candelario\candeje01,386,57,0.5,0.4,0.2,-1.627,-15,2019,25,DET,AL,94,335,33,68,17,2,8,32,43,1,99,7,0,1,3,3,1,.203,.306,.337,.643,*53/HD
214,Danny Jansen\janseda01,384,71,1.1,1.4,0.3,-1.025,-15,2019,24,TOR,AL,107,347,41,72,12,1,13,43,31,1,79,4,1,1,8,0,1,.207,.279,.360,.640,*2/DH
215,Jesse Winker\winkeje01,384,73,0.7,-0.8,1.2,-0.039,6,2019,25,CIN,NL,113,338,51,91,17,2,16,38,38,2,60,8,0,0,10,0,2,.269,.357,.473,.830,*7H89/D
216,Michael Chavis\chavimi01,382,86,0.6,-0.3,0.8,-0.126,-3,2019,23,BOS,AL,95,347,46,88,10,1,18,58,31,2,127,4,0,0,11,2,1,.254,.322,.444,.766,*34/H5D
217,Neil Walker\walkene01,381,67,0.6,-0.6,0.8,-0.487,0,2019,33,MIA,NL,115,337,37,88,19,1,8,38,42,1,77,1,0,1,8,3,0,.261,.344,.395,.738,*3H5/D4
218,Alex Verdugo\verdual01,377,75,3.2,1.3,1.9,-0.006,8,2019,23,LAD,NL,106,343,43,101,22,2,12,44,26,1,49,2,0,6,8,4,1,.294,.342,.475,.817,*897H
219,Martin Maldonado\maldoma01,374,61,1.3,1.4,0.5,-1.526,-12,2019,32,TOT,ML,105,333,46,71,19,0,12,27,32,1,86,6,2,1,11,0,0,.213,.293,.378,.671,*2/H3
220,Jose Martinez\martijo08,373,77,-0.4,-1.5,0.8,0.111,-1,2019,30,STL,NL,128,334,45,90,13,2,10,42,35,0,82,2,0,2,14,3,0,.269,.340,.410,.751,*9H/D7
221,Greg Garcia\garcigr01,372,79,0.9,-0.2,1.3,1.014,-1,2019,29,SDP,NL,134,311,52,77,13,4,4,31,53,1,83,5,1,2,4,0,2,.248,.364,.354,.718,*4H5/637D
222,Fernando Tatis Jr.\tatisfe02,372,92,4.1,0.1,4.5,2.025,25,2019,20,SDP,NL,84,334,61,106,13,6,22,53,30,1,110,5,0,3,4,16,6,.317,.379,.590,.969,*6/H
223,Howie Kendrick\kendrho01,370,106,2.5,-0.7,3.0,2.106,22,2019,35,WSN,NL,121,334,61,115,23,1,17,62,27,1,49,4,0,5,11,2,1,.344,.395,.572,.966,3H45/D
224,Ryan O'Hearn\ohearry01,370,56,-1.5,-0.8,-1.2,-1.228,-15,2019,25,KCR,AL,105,328,32,64,13,1,14,38,39,1,99,1,0,2,7,0,1,.195,.281,.369,.650,*3H/7D
225,Chad Pinder\pindech01,370,79,1.4,0.7,0.6,-1.421,-5,2019,27,OAK,AL,124,341,45,82,21,0,13,47,20,0,88,5,1,3,11,0,1,.240,.290,.416,.706,79H45/86D3
226,Jesus Aguilar\aguilje01,369,77,-0.2,-0.4,-0.3,-0.512,-5,2019,29,TOT,ML,131,314,39,74,12,0,12,50,43,0,81,2,0,7,12,0,0,.236,.325,.389,.714,*3HD/5
227,Yordan Álvarez\alvaryo01,369,109,3.7,-0.5,3.6,0.902,35,2019,22,HOU,AL,87,313,58,98,26,0,27,78,52,4,94,2,0,2,9,0,0,.313,.412,.655,1.067,*D7/H
228,Harold Castro\castrha01,369,63,-0.4,-0.8,0.4,-0.814,-11,2019,25,DET,AL,97,354,30,103,10,4,5,38,9,0,86,0,2,4,6,4,2,.291,.305,.384,.689,485/7H9D63
229,Logan Forsythe\forsylo01,367,70,-0.2,-0.3,0.1,-1.978,-13,2019,32,TEX,AL,101,317,38,72,17,1,7,39,44,0,100,3,0,2,8,2,0,.227,.325,.353,.678,356H/4
230,Luis Arraez\arraelu01,366,78,1.8,-0.6,2.5,1.657,13,2019,22,MIN,AL,92,326,54,109,20,1,4,28,36,1,29,1,0,3,2,2,2,.334,.399,.439,.838,*475/6HD
231,Carson Kelly\kellyca02,365,75,1.7,0.4,1.9,0.810,6,2019,24,ARI,NL,111,314,46,77,19,0,18,47,48,10,79,2,0,1,11,0,0,.245,.348,.478,.826,*2H/5
232,Tucker Barnhart\barnhtu01,364,61,0.6,0.7,0.5,-1.271,-8,2019,28,CIN,NL,114,316,32,73,14,0,11,40,44,7,83,2,1,1,5,1,0,.231,.328,.380,.708,*2H/3
233,Albert Almora\almoral01,363,61,-1.0,-0.4,-0.4,-1.785,-19,2019,25,CHC,NL,130,339,41,80,11,1,12,32,16,4,62,1,5,2,8,2,1,.236,.271,.381,.651,*8H
234,Curtis Granderson\grandcu01,363,66,-0.6,-0.4,-0.5,-1.511,-14,2019,38,MIA,NL,138,317,44,58,17,1,12,34,41,1,98,3,0,2,3,0,3,.183,.281,.356,.637,*7H/9D
235,Stevie Wilkerson\wilkest01,361,66,-0.8,-0.7,0.0,-2.184,-12,2019,27,BAL,AL,117,329,41,74,18,2,10,35,22,0,108,7,1,2,5,3,3,.225,.286,.383,.669,*87H49/1D
236,Mitch Garver\garvemi01,359,106,4.1,0.6,4.0,1.010,25,2019,28,MIN,AL,93,311,70,85,16,1,31,67,41,0,87,5,0,2,5,0,0,.273,.365,.630,.995,*2H/D3
237,Yan Gomes\gomesya01,358,67,1.3,1.4,0.5,-0.481,-11,2019,31,WSN,NL,97,314,36,70,16,0,12,43,38,6,84,5,0,1,7,2,0,.223,.316,.389,.704,*2/H3
238,David Bote\boteda01,356,77,1.6,0.2,1.7,0.000,3,2019,26,CHC,NL,127,303,47,78,17,0,11,41,44,4,93,7,0,2,11,5,1,.257,.362,.422,.785,*54H/69
239,Ben Gamel\gamelbe01,356,73,0.6,-0.1,0.3,0.721,-6,2019,27,MIL,NL,134,311,47,77,18,0,7,33,40,2,104,3,0,2,0,2,2,.248,.337,.373,.710,*7H98
240,Billy Hamilton\hamilbi02,353,56,0.4,1.1,-0.4,-1.244,-23,2019,28,TOT,ML,119,316,41,69,14,2,0,15,32,1,87,0,3,2,1,22,6,.218,.289,.275,.564,*8H/D
241,Chris Davis\davisch02,352,50,-1.2,-0.6,-1.0,-0.634,-18,2019,33,BAL,AL,105,307,26,55,9,0,12,36,39,1,139,3,0,3,6,0,0,.179,.276,.326,.601,*3H/D91
242,Tommy Edman\edmanto01,349,84,3.9,1.2,2.9,2.632,8,2019,24,STL,NL,92,326,59,99,17,7,11,36,16,0,61,7,0,0,3,15,1,.304,.350,.500,.850,*54H9/78
243,Keston Hiura\hiurake01,348,81,2.0,-0.4,2.7,1.189,18,2019,22,MIL,NL,84,314,51,95,23,2,19,49,25,1,107,8,0,1,6,9,3,.303,.368,.570,.938,*4/H
244,Austin Hedges\hedgeau01,347,53,-0.7,0.8,-0.9,-1.672,-24,2019,26,SDP,NL,102,312,28,55,9,0,11,36,27,3,109,5,2,1,3,1,0,.176,.252,.311,.563,*2/H5
245,Yandy Díaz\diazya01,346,77,1.4,-0.4,1.7,-0.745,8,2019,27,TBR,AL,79,307,53,82,20,1,14,38,35,1,61,1,0,4,9,2,2,.267,.340,.476,.816,*53D/H
246,Didi Gregorius\gregodi01,344,92,0.3,-0.5,1.2,0.433,-7,2019,29,NYY,AL,82,324,47,77,14,2,16,61,17,1,53,1,0,2,5,2,1,.238,.276,.441,.718,*6/HD
247,Lourdes Gurriel Jr.\gurrilo01,343,82,1.7,-0.5,1.9,-0.487,12,2019,25,TOR,AL,84,314,52,87,19,2,20,50,20,0,86,5,1,3,4,6,4,.277,.327,.541,.869,*7/4D3H
248,Josh Phegley\phegljo01,342,94,0.3,-0.2,1.1,-0.750,-6,2019,31,OAK,AL,106,314,44,75,18,0,12,62,15,0,63,6,2,5,11,0,1,.239,.282,.411,.693,*2/H
249,AJ Pollock\polloaj01,342,81,0.2,-1.0,1.3,0.435,4,2019,31,LAD,NL,86,308,49,82,15,1,15,47,23,1,74,7,0,4,7,5,1,.266,.327,.468,.795,*87/HD
250,Pedro Severino\severpe01,341,68,1.0,0.2,1.4,-0.909,-2,2019,25,BAL,AL,96,305,37,76,13,0,13,44,29,0,73,4,1,2,5,3,1,.249,.321,.420,.740,*2/HD
251,Willie Calhoun\calhowi01,337,78,0.6,-0.9,1.2,0.334,3,2019,24,TEX,AL,83,309,51,83,14,1,21,48,23,0,53,3,0,2,5,0,0,.269,.323,.524,.848,*7/DH
252,Yonder Alonso\alonsyo01,335,61,-0.9,-0.7,-0.8,-1.094,-14,2019,32,TOT,ML,121,292,34,58,13,0,10,37,39,3,70,2,0,2,13,0,1,.199,.296,.346,.641,HD3
253,Mitch Moreland\morelmi01,335,87,1.2,-0.5,1.2,1.164,5,2019,33,BOS,AL,91,298,48,75,17,1,19,58,34,0,74,1,0,2,12,1,0,.252,.328,.507,.835,*3H/D
254,Matt Adams\adamsma01,333,78,0.1,-0.1,-0.2,-0.677,-9,2019,30,WSN,NL,111,310,42,70,14,0,20,56,20,1,115,2,0,1,7,0,0,.226,.276,.465,.741,*3H
255,Jay Bruce\bruceja01,333,76,0.5,-0.3,0.4,-1.066,-1,2019,32,TOT,ML,98,310,43,67,17,0,26,59,19,0,82,1,0,3,5,1,0,.216,.261,.523,.784,79H3/D
256,John Hicks\hicksjo02,333,51,-0.6,0.2,-0.5,-2.605,-20,2019,29,DET,AL,95,319,29,67,15,0,13,35,13,0,109,0,0,1,7,1,1,.210,.240,.379,.620,*23H/D
257,JaCoby Jones\jonesja07,333,54,-0.1,-1.0,1.1,-0.444,-4,2019,27,DET,AL,88,298,39,70,19,3,11,26,27,2,94,6,1,1,6,7,2,.235,.310,.430,.740,*8/HD
258,Elias Diaz\diazel01,332,57,-1.0,-0.8,0.3,-1.770,-17,2019,28,PIT,NL,101,303,31,73,14,0,2,28,23,0,56,2,1,3,11,0,0,.241,.296,.307,.603,*2H
259,Cheslor Cuthbert\cuthbch01,330,55,-0.6,-0.5,-0.3,-1.650,-11,2019,26,KCR,AL,87,309,24,76,14,0,9,40,19,1,67,2,0,0,14,1,0,.246,.294,.379,.673,*35H/D
260,Tim Beckham\beckhti01,328,71,0.2,-1.0,1.3,0.036,1,2019,29,SEA,AL,88,304,39,72,21,1,15,47,21,0,102,3,0,0,7,1,3,.237,.293,.461,.753,67D5/43H
261,Jonathan Lucroy\lucrojo01,328,58,-1.0,-0.5,-0.1,-1.838,-10,2019,33,TOT,ML,101,293,30,68,10,1,8,36,27,1,51,5,0,3,17,0,0,.232,.305,.355,.660,*2/3HD
262,Garrett Hampson\hampsga01,327,59,0.3,0.3,0.2,-0.950,-17,2019,24,COL,NL,105,299,40,74,9,4,8,27,24,1,88,0,2,2,2,15,3,.247,.302,.385,.686,48H6/7
263,Brandon Lowe\lowebr01,327,76,2.6,0.1,2.7,0.893,10,2019,24,TBR,AL,82,296,42,80,17,2,17,51,25,0,113,5,0,1,1,5,0,.270,.336,.514,.850,*4/H39D7
264,Carlos Correa\correca01,321,80,3.5,1.2,2.7,0.882,16,2019,24,HOU,AL,75,280,42,78,16,1,21,59,35,0,75,2,0,4,8,1,0,.279,.358,.568,.926,*6
265,Tommy La Stella\lasteto01,321,77,2.0,-0.1,2.2,-0.075,7,2019,30,LAA,AL,80,292,49,86,8,0,16,44,20,0,28,3,0,0,8,0,0,.295,.346,.486,.832,*45/H3D
266,Jake Marisnick\marisja01,318,70,1.4,0.9,0.7,-1.205,-9,2019,28,HOU,AL,120,292,46,68,16,3,10,34,17,0,95,6,3,0,6,10,3,.233,.289,.411,.700,*8H/D
267,Brian McCann\mccanbr01,316,61,0.2,0.2,0.5,0.682,-6,2019,35,ATL,NL,85,277,28,69,9,0,12,45,31,1,53,2,0,6,10,0,0,.249,.323,.412,.734,*2/H
268,Hunter Pence\pencehu01,316,94,1.6,-0.9,2.0,1.458,11,2019,36,TEX,AL,83,286,53,85,17,1,18,59,26,0,69,2,0,2,2,6,1,.297,.358,.552,.910,*D7H/9
269,Tyler Flowers\flowety01,310,59,-0.3,-0.4,0.6,-1.422,-6,2019,33,ATL,NL,85,271,36,62,11,3,11,34,31,3,105,6,0,2,8,0,0,.229,.319,.413,.733,*2/H
270,Richie Martin\martiri01,309,46,-1.3,-0.8,0.0,-1.262,-20,2019,24,BAL,AL,120,283,29,59,8,3,6,23,14,0,83,6,5,1,6,10,1,.208,.260,.322,.581,*6/HD
271,Kurt Suzuki\suzukku01,309,83,0.3,-0.6,1.4,0.936,0,2019,35,WSN,NL,85,280,37,74,11,0,17,63,20,1,36,6,0,3,10,0,1,.264,.324,.486,.809,*2H
272,Derek Dietrich\dietrde01,306,65,1.0,-0.1,1.0,0.130,0,2019,29,CIN,NL,113,251,41,47,8,2,19,43,28,2,74,25,0,1,2,1,1,.187,.328,.462,.790,*4H37/D5
273,Gerardo Parra\parrage01,301,77,0.7,0.3,0.0,0.316,-11,2019,32,TOT,NL,119,274,38,64,14,1,9,48,19,3,59,5,1,2,7,8,3,.234,.293,.391,.684,H9738/415
274,Joey Gallo\gallojo01,297,81,3.1,0.5,2.5,0.587,17,2019,25,TEX,AL,70,241,54,61,15,1,22,49,52,4,114,2,1,1,0,4,2,.253,.389,.598,.986,*87/D
275,Austin Riley\rileyau01,297,72,0.1,0.1,-0.2,0.776,-7,2019,22,ATL,NL,80,274,41,62,11,1,18,49,16,3,108,5,0,2,4,0,2,.226,.279,.471,.750,*7H/359D
276,Pablo Sandoval\sandopa01,296,69,1.5,-0.1,1.5,0.667,6,2019,32,SFG,NL,108,272,42,73,23,0,14,41,18,2,67,1,2,3,8,1,0,.268,.313,.507,.820,H53/D1
277,Mike Tauchman\tauchmi01,296,80,3.8,1.6,2.0,0.689,11,2019,28,NYY,AL,87,260,46,72,18,1,13,47,34,0,71,1,0,1,9,6,0,.277,.361,.504,.865,*798/H
278,Byron Buxton\buxtoby01,295,84,3.1,1.3,2.1,0.794,5,2019,25,MIN,AL,87,271,48,71,30,4,10,46,19,1,68,2,2,1,3,14,3,.262,.314,.513,.827,*8/HD
279,Ronald Guzman\guzmaro01,295,60,0.0,0.1,-0.5,-0.155,-7,2019,24,TEX,AL,87,256,34,56,20,0,10,36,32,1,87,3,0,4,7,1,2,.219,.308,.414,.723,*3/HD
280,Brock Holt\holtbr01,295,66,1.4,0.4,1.1,0.296,2,2019,31,BOS,AL,87,259,38,77,14,2,3,31,28,1,57,4,0,4,4,1,0,.297,.369,.402,.771,*4H3/6975D
281,Tyler Naquin\naquity01,294,58,1.5,0.6,0.6,-0.085,1,2019,28,CLE,AL,89,274,34,79,19,0,10,34,14,2,66,2,2,2,8,4,2,.288,.325,.467,.792,*97H/D
282,Ronny Rodriguez\rodriro03,294,58,-0.6,-0.6,0.1,-1.448,-11,2019,27,DET,AL,84,276,29,61,12,3,14,43,13,0,82,0,0,5,5,3,1,.221,.252,.438,.690,46H3/D57
283,Victor Reyes\reyesvi01,292,51,1.2,0.2,1.1,0.168,0,2019,24,DET,AL,69,276,29,84,16,5,3,25,14,0,64,0,0,2,5,9,3,.304,.336,.431,.767,*87/9H
284,Mike Zunino\zuninmi01,289,53,-0.2,1.0,-0.7,-1.883,-22,2019,28,TBR,AL,90,266,30,44,10,1,9,32,20,0,98,3,0,0,4,0,0,.165,.232,.312,.544,*2/H
285,Dawel Lugo\lugoda01,288,48,-0.5,-0.2,-0.2,-1.600,-13,2019,24,DET,AL,77,273,28,67,11,4,6,26,8,1,59,3,0,4,8,0,0,.245,.271,.381,.652,*5/HD
286,Jon Berti\bertijo01,287,70,1.6,0.3,1.5,0.278,2,2019,29,MIA,NL,73,256,52,70,14,1,6,24,24,0,73,6,0,1,2,17,3,.273,.348,.406,.755,685/H79
287,Wilmer Flores\florewi01,285,59,0.9,-0.3,1.3,0.001,7,2019,27,ARI,NL,89,265,31,84,18,0,9,37,15,0,31,4,0,1,9,0,0,.317,.361,.487,.848,*4H3
288,Juan Lagares\lagarju01,285,60,-0.8,-0.3,-0.4,-0.840,-13,2019,30,NYM,NL,133,258,38,55,12,1,5,27,22,4,75,2,2,1,8,4,1,.213,.279,.326,.605,*8H
289,Jose Osuna\osunajo01,285,67,-0.1,-0.8,0.5,0.186,0,2019,26,PIT,NL,95,261,41,69,20,0,10,36,18,0,48,1,0,4,6,0,0,.264,.310,.456,.766,3H95/71
290,Mitch Haniger\hanigmi01,283,63,1.3,0.1,1.2,0.737,4,2019,28,SEA,AL,63,246,46,54,13,1,15,32,30,1,81,5,0,2,3,4,0,.220,.314,.463,.778,*98/HD
291,Dylan Moore\mooredy01,282,50,0.1,0.0,0.1,-1.210,-4,2019,26,SEA,AL,113,247,31,51,14,2,9,28,25,0,93,9,1,0,6,11,9,.206,.302,.389,.691,674H59/3D81
292,Steven Duggar\duggast01,281,50,-0.1,0.5,-0.6,-0.747,-13,2019,25,SFG,NL,73,261,26,61,12,2,4,28,16,0,78,1,0,3,1,1,4,.234,.278,.341,.619,*89/H
293,Ian Kinsler\kinslia01,281,41,-0.4,0.0,-0.3,-1.095,-11,2019,37,SDP,NL,87,258,28,56,12,0,9,22,19,0,54,3,0,1,5,2,4,.217,.278,.368,.646,*4H/1
294,Tom Murphy\murphto04,281,54,2.7,1.0,2.1,0.128,10,2019,28,SEA,AL,75,260,32,71,12,1,18,40,19,0,87,1,0,1,0,2,0,.273,.324,.535,.858,*2/DH17
295,Stephen Vogt\vogtst01,280,60,1.2,0.1,1.5,-0.100,5,2019,34,SFG,NL,99,255,30,67,24,2,10,40,20,1,66,1,0,4,1,3,1,.263,.314,.490,.804,*2H/7D3
296,Victor Caratini\caratvi01,279,54,1.0,0.0,1.3,-0.533,2,2019,25,CHC,NL,95,244,31,65,11,0,11,34,29,0,59,3,0,3,6,1,0,.266,.348,.447,.794,*23H/15
297,Corey Dickerson\dickeco01,279,80,0.7,-0.9,1.4,0.793,12,2019,30,TOT,NL,78,260,33,79,28,2,12,59,16,4,56,0,0,3,4,1,0,.304,.341,.565,.906,*7H
298,Tony Kemp\kempto01,279,52,0.2,0.5,-0.4,0.063,-10,2019,27,TOT,ML,110,245,31,52,9,4,8,29,23,1,47,6,1,4,4,4,4,.212,.291,.380,.671,4H78/D9
299,Josh Naylor\naylojo01,279,53,0.0,-0.8,0.5,0.274,-3,2019,22,SDP,NL,94,253,29,63,15,0,8,32,25,1,64,0,0,1,4,1,1,.249,.315,.403,.719,79H/D
300,Tyler White\whitety01,279,38,-1.1,-0.4,-1.1,-1.662,-12,2019,28,TOT,ML,83,240,18,50,14,0,3,23,36,0,78,0,0,3,7,0,0,.208,.308,.304,.612,*3DH/1